Compound,Date,Negative,Neutral,Positive,Tweet,Tweets Ago,User
0.2732,Wed Jun 06 19:31:43 +0000 2018,0.9,0.0,0.1,"First responders in Russellville, Arkansas, went above and beyond the call of duty to surprise a teen with autism a‚Ä¶ https://t.co/AsHyMnBQy4",1,CNN
0.0,Wed Jun 06 19:27:43 +0000 2018,1.0,0.0,0.0,RT @CNNOpinion: Trump aide Michael Kratsios: The future of American aviation is all about drones https://t.co/SB2MGqhXgA,2,CNN
0.0,Wed Jun 06 19:24:12 +0000 2018,1.0,0.0,0.0,"Democratic Rep. Nydia Vel√°zquez is calling for ""an independent commission similar to what we had after 9/11"" to inv‚Ä¶ https://t.co/LXGm56LzOr",3,CNN
-0.128,Wed Jun 06 19:20:06 +0000 2018,0.742,0.14,0.118,The clothes of a leading figure in Germany's far-right Alternative for Germany party were stolen while he was swimm‚Ä¶ https://t.co/Jmriq1CvIa,4,CNN
-0.5994,Wed Jun 06 19:15:00 +0000 2018,0.794,0.206,0.0,"History according to Trump, War of 1812 edition | Analysis by CNN's Z. Byron Wolf https://t.co/z8fEjVSyrw https://t.co/sIahAp9lVE",5,CNN
0.6908,Wed Jun 06 19:09:15 +0000 2018,0.749,0.0,0.251,A middle school gave graduates a gift it hopes they never have to use -- bullet- and stab-resistant ballistic shiel‚Ä¶ https://t.co/6kaFkHyJVE,6,CNN
0.0,Wed Jun 06 19:02:38 +0000 2018,1.0,0.0,0.0,10 headlines that will make you wonder how Scott Pruitt still has a job | Analysis by @CillizzaCNN‚Ä¶ https://t.co/aTyZdLu7LK,7,CNN
0.0,Wed Jun 06 18:53:30 +0000 2018,1.0,0.0,0.0,Lava flow evaporated Hawaii's largest freshwater lake within hours https://t.co/WIDroYynU9 https://t.co/JwrD3kzCb0,8,CNN
0.1027,Wed Jun 06 18:46:06 +0000 2018,0.924,0.0,0.076,A government watchdog has cleared Interior Secretary Ryan Zinke from improper political activity when he spoke to a‚Ä¶ https://t.co/QZ2cAMKmtM,9,CNN
0.3182,Wed Jun 06 18:44:15 +0000 2018,0.892,0.0,0.108,"National Park Service acting director Paul Daniel Smith apologized to employees in an email for behaving ""in an ina‚Ä¶ https://t.co/sjPiLUeXvk",10,CNN
0.4404,Wed Jun 06 18:33:04 +0000 2018,0.854,0.0,0.146,The Consumer Financial Protection Bureau has effectively dismissed all the members of an outside board that advises‚Ä¶ https://t.co/mwZibCPjFs,11,CNN
-0.4585,Wed Jun 06 18:31:18 +0000 2018,0.692,0.308,0.0,Why people aren't feeling the strength of the economy https://t.co/1Hfu2CyNnx https://t.co/X7MPPZ032t,12,CNN
-0.3182,Wed Jun 06 18:30:20 +0000 2018,0.897,0.103,0.0,"RT @CNNnewsroom: ""The American people are not props,""says Ziad Ahmed, a student activist who is calling for Muslims to boycott Trump‚Äôs Ifta‚Ä¶",13,CNN
-0.296,Wed Jun 06 18:18:24 +0000 2018,0.891,0.109,0.0,The former head of USA Gymnastics exercised his Fifth Amendment right to avoid self-incrimination and declined to t‚Ä¶ https://t.co/1pOJJLjD4d,14,CNN
-0.1695,Wed Jun 06 18:17:22 +0000 2018,0.926,0.074,0.0,"RT @CNNnewsroom: Whether or not a person is pardoned ""shouldn't be based on which celebrities have access to the President,"" says Rep. Ted‚Ä¶",15,CNN
0.2263,Wed Jun 06 18:07:01 +0000 2018,0.905,0.0,0.095,"How Apple, which is currently worth $945 billion and on track to become the first-ever trillion-dollar company, has‚Ä¶ https://t.co/n5sQ6hRTyh",16,CNN
0.0,Wed Jun 06 18:00:00 +0000 2018,1.0,0.0,0.0,"These unusual-looking concrete houses will be constructed using a 3D printer in Eindhoven, the Netherlands:‚Ä¶ https://t.co/6jXo8LlcMI",17,CNN
0.765,Wed Jun 06 17:55:30 +0000 2018,0.742,0.0,0.258,"""We thank our great Singaporean hosts for their hospitality."" Donald Trump and Kim Jong Un will meet at the Capella‚Ä¶ https://t.co/Ab0EaE5Cta",18,CNN
0.0,Wed Jun 06 17:45:00 +0000 2018,1.0,0.0,0.0,"From delivery to aviation, Dubai is at the forefront of drone experimentation. Here's a look at what the future hol‚Ä¶ https://t.co/q0S1qZFoHp",19,CNN
-0.1027,Wed Jun 06 17:43:50 +0000 2018,0.931,0.069,0.0,It's hard to remember a time when Starbucks wasn't on every big-city corner and in every US suburban shopping cente‚Ä¶ https://t.co/S6lkccOuee,20,CNN
-0.7906,Wed Jun 06 17:33:39 +0000 2018,0.72,0.28,0.0,British troops burned down the White House during the War of 1812. Historians note the British attack on Washington‚Ä¶ https://t.co/da00rwRB2h,21,CNN
0.34,Wed Jun 06 17:33:06 +0000 2018,0.882,0.0,0.118,"According to the sources, Trudeau pressed Trump on how he could justify the tariffs as a ""national security"" issue.‚Ä¶ https://t.co/EMylmUA4zt",22,CNN
-0.0772,Wed Jun 06 17:31:49 +0000 2018,0.942,0.058,0.0,President Trump and Canadian PM Justin Trudeau had a testy phone call on May 25 over new tariffs imposed by the Tru‚Ä¶ https://t.co/UEms7CfP5A,23,CNN
0.0,Wed Jun 06 17:22:41 +0000 2018,1.0,0.0,0.0,Republican megadonor and billionaire David Koch is stepping down from his role at Koch Industries and other organiz‚Ä¶ https://t.co/C93TWf7bxd,24,CNN
-0.5106,Wed Jun 06 17:21:51 +0000 2018,0.829,0.171,0.0,Democratic Sen. Dick Durbin says healthcare will be the party's priority for the canceled August recess‚Ä¶ https://t.co/9qBZTGZYJI,25,CNN
-0.7269,Wed Jun 06 17:10:09 +0000 2018,0.681,0.319,0.0,The maker of Jack Daniel's is worried about the impact of a trade war https://t.co/5rEiKMiNBa https://t.co/GfJJhgIgBC,26,CNN
0.4404,Wed Jun 06 17:00:03 +0000 2018,0.854,0.0,0.146,"Things are a little bit cheaper at Costco, Target, Walmart and Kroger this year thanks to a price war‚Ä¶ https://t.co/gGc6Ozrila",27,CNN
0.0,Wed Jun 06 16:55:36 +0000 2018,1.0,0.0,0.0,"Steamboat Geyser in Yellowstone National Park is erupting unusually frequently. On June 4, the geyser had its eight‚Ä¶ https://t.co/FJhiVtbNli",28,CNN
-0.4019,Wed Jun 06 16:53:29 +0000 2018,0.828,0.172,0.0,Paul Manafort could be in big trouble | By Paul Callan via @CNNOpinion https://t.co/MPcnd4ekF8 https://t.co/SrLVt49ThU,29,CNN
0.0,Wed Jun 06 16:40:09 +0000 2018,1.0,0.0,0.0,"How much longer can the US economy keep rolling? Tune in to @CNNMoney's ""Markets Now at 12:45pm ET to see economist‚Ä¶ https://t.co/F4oK0zR21U",30,CNN
0.0772,Wed Jun 06 16:39:16 +0000 2018,0.929,0.0,0.071,BREAKING: President Trump has commuted the life sentence of Alice Johnson following a White House meeting last week‚Ä¶ https://t.co/xLGQ5vvNtQ,31,CNN
0.3384,Wed Jun 06 16:28:36 +0000 2018,0.888,0.0,0.112,"President Trump says first lady Melania Trump is ""doing really well"" ahead of her first public appearance since May‚Ä¶ https://t.co/mNU2ij342U",32,CNN
-0.4939,Wed Jun 06 16:23:13 +0000 2018,0.862,0.138,0.0,"""It wasn't my finest hour."" Former President Bill Clinton says he was mad at himself over his recent comments about‚Ä¶ https://t.co/ueAskMrNnD",33,CNN
0.4404,Wed Jun 06 16:11:08 +0000 2018,0.822,0.0,0.178,The European Union's top court ruled that same-sex couples are entitled to the same residency rights as other marri‚Ä¶ https://t.co/jExDrtdNck,34,CNN
0.2023,Wed Jun 06 16:03:05 +0000 2018,0.921,0.0,0.079,"House Speaker Paul Ryan says he agrees with Republican Rep. Trey Gowdy that the FBI did ""exactly"" what it was suppo‚Ä¶ https://t.co/Xhbm8kD6MT",35,CNN
0.0,Wed Jun 06 15:57:00 +0000 2018,1.0,0.0,0.0,Watch these homes being built using a 3D printer https://t.co/igaBP4BFwG https://t.co/sGcYS89MDO,36,CNN
0.0,Wed Jun 06 15:49:22 +0000 2018,1.0,0.0,0.0,World Cup 2022: Meet the Qataris making the most of soccer's showcase https://t.co/DjpV7FTj0j https://t.co/stmyDwlsrb,37,CNN
0.3612,Wed Jun 06 15:38:22 +0000 2018,0.878,0.0,0.122,"Will we ever fly like the Jetsons? This company just unveiled its first commercial flying car, Flyer ‚Äî and‚Ä¶ https://t.co/ch1x4FM5EX",38,CNN
0.8271,Wed Jun 06 15:36:18 +0000 2018,0.558,0.0,0.442,Bill Gates is giving 2018 college grads his favorite new book for free https://t.co/vIe4FaQTFq,39,CNN
0.0,Wed Jun 06 15:34:45 +0000 2018,1.0,0.0,0.0,RT @cnni: JUST IN: Dozens of firefighters are tackling a blaze at a hotel in the Knightsbridge area of London https://t.co/ChtVjxJEv5 https‚Ä¶,40,CNN
-0.1531,Wed Jun 06 15:26:13 +0000 2018,0.926,0.074,0.0,"""On a personal level, we can all follow the ethos of the Miss America competition, and make a conscious effort to s‚Ä¶ https://t.co/T3LUphyJWN",41,CNN
0.0,Wed Jun 06 15:14:16 +0000 2018,1.0,0.0,0.0,"Most Americans say they aren't booking a vacation to space -- except millennials. 63% say they'd be up for it, acco‚Ä¶ https://t.co/TQ8Mr0ffOc",42,CNN
0.0,Wed Jun 06 15:04:09 +0000 2018,1.0,0.0,0.0,"CNN is launching ‚ÄúAnderson Cooper Full Circle‚Äù ‚Äî a daily interactive global news brief on Facebook Watch, every wee‚Ä¶ https://t.co/9GJ59EhFij",43,CNN
-0.3818,Wed Jun 06 15:01:56 +0000 2018,0.874,0.126,0.0,President Trump has unblocked the 7 plaintiffs who sued him and members of his administration for blocking them on‚Ä¶ https://t.co/dET0H76kum,44,CNN
0.3182,Wed Jun 06 14:51:07 +0000 2018,0.892,0.0,0.108,"The White House has assembled the paperwork to pardon dozens of people, two sources with knowledge tell CNN, signal‚Ä¶ https://t.co/SLOtjill8C",45,CNN
0.4019,Wed Jun 06 14:48:16 +0000 2018,0.87,0.0,0.13,EPA administrator Scott Pruitt enlisted the help of an aide to inquire about the possibility of a business opportun‚Ä¶ https://t.co/07Cii3hC3k,46,CNN
-0.4019,Wed Jun 06 14:40:49 +0000 2018,0.876,0.124,0.0,"A random printing error left more than 118,000 California voters off rosters in Los Angeles County in the midst of‚Ä¶ https://t.co/TGTWQ9b45w",47,CNN
-0.2263,Wed Jun 06 14:32:17 +0000 2018,0.837,0.102,0.06,"No, Sarah Sanders, reporters aren't trying to 'tear' you down. They want you to do your job | Analysis by‚Ä¶ https://t.co/zRo91dl21Y",48,CNN
0.0,Wed Jun 06 14:22:38 +0000 2018,1.0,0.0,0.0,Elon Musk tells shareholders Tesla won't run out of cash any time soon https://t.co/1cfTKfPtum https://t.co/e6HHKWjlTr,49,CNN
0.0,Wed Jun 06 14:15:09 +0000 2018,1.0,0.0,0.0,"Facebook is partnering with ABC, CNN, Fox News and other media organizations to launch a series of news programs on‚Ä¶ https://t.co/FPyCPYQSoP",50,CNN
0.6369,Wed Jun 06 14:11:01 +0000 2018,0.794,0.0,0.206,Egypt is building The Grand Egyptian Museum. The cost? More than $1 billion. It will re-house and restore some of t‚Ä¶ https://t.co/i3PTBY1OXa,51,CNN
0.1027,Wed Jun 06 14:08:58 +0000 2018,0.705,0.135,0.16,An Auschwitz survivor warned the Italian Senate away from anti-immigrant actions https://t.co/m9QKo01CiJ https://t.co/zb0cy2yZvm,52,CNN
-0.4019,Wed Jun 06 14:00:07 +0000 2018,0.769,0.231,0.0,The US trade dispute with Mexico is heating up https://t.co/u8MvddePZg,53,CNN
-0.2263,Wed Jun 06 13:51:19 +0000 2018,0.704,0.169,0.127,"San Francisco approves a proposition to ban the sale of flavored tobacco products, including menthol cigarettes and‚Ä¶ https://t.co/LcKvfWWxZj",54,CNN
0.5267,Wed Jun 06 13:43:34 +0000 2018,0.603,0.138,0.259,"Kate Spade's death reminds us that success, money and apparent happiness may have nothing to do with a person's rea‚Ä¶ https://t.co/ihQ8vcySuM",55,CNN
0.0,Wed Jun 06 13:42:01 +0000 2018,1.0,0.0,0.0,"From delivery to aviation, Dubai is at the forefront of drone experimentation. Here's a look at what the future hol‚Ä¶ https://t.co/sRdXOIQixp",56,CNN
0.0,Wed Jun 06 13:37:20 +0000 2018,1.0,0.0,0.0,New Mexico's Deb Haaland likely to be first Native American congresswoman https://t.co/cGzL59IuH4 https://t.co/RSWxR69b2T,57,CNN
-0.3182,Wed Jun 06 13:31:19 +0000 2018,0.892,0.108,0.0,White House counselor Kellyanne Conway left open the possibility that the press aide who mocked Sen. John McCain co‚Ä¶ https://t.co/rxvNXJbUZM,58,CNN
0.3818,Wed Jun 06 13:25:08 +0000 2018,0.867,0.0,0.133,Former FBI Deputy Director Andrew McCabe seeks immunity for testimony in congressional hearing focused on how senio‚Ä¶ https://t.co/0dNxyEJxu8,59,CNN
0.0,Wed Jun 06 13:19:11 +0000 2018,1.0,0.0,0.0,"For the first time in at least 20 years, there are now more job openings than there are people looking for work, ac‚Ä¶ https://t.co/L1ybY5oSnj",60,CNN
0.5574,Wed Jun 06 13:11:01 +0000 2018,0.735,0.0,0.265,How a positive statement made millions for this T-shirt company https://t.co/AD9MzD6QuE https://t.co/OJk1eH11L0,61,CNN
0.0,Wed Jun 06 13:03:00 +0000 2018,1.0,0.0,0.0,What Kate Spade modeled for young women -- and their moms | By Hilary George-Parkin via @CNNOpinion‚Ä¶ https://t.co/knZHYNrDW2,62,CNN
-0.0516,Wed Jun 06 13:00:08 +0000 2018,0.735,0.154,0.11,RT @CNNMoney: Economist Lindsey Piegza warns that a recession could hit as soon as 2020 if the Federal Reserve raises interest rates too qu‚Ä¶,63,CNN
0.0,Wed Jun 06 12:57:20 +0000 2018,1.0,0.0,0.0,"RT @CNNPolitics: Kellyanne Conway says President Trump canceled the White House event with the Philadelphia Eagles because ""he didn't want‚Ä¶",64,CNN
-0.6124,Wed Jun 06 12:54:49 +0000 2018,0.808,0.192,0.0,"Three sons, ages 13, 6, and 2, are in a New York state detention center. Another son is in a detention center in Ca‚Ä¶ https://t.co/j4cTZTQ7Vw",65,CNN
0.0,Wed Jun 06 12:47:58 +0000 2018,1.0,0.0,0.0,Inside the hotel where Trump and Kim will meet https://t.co/GmE9SRvb0B https://t.co/ibjYumjFIZ,66,CNN
0.0,Wed Jun 06 12:41:12 +0000 2018,1.0,0.0,0.0,Syphilis cases hit highest level in almost 70 years in England https://t.co/2GZ7hauoGN https://t.co/0rpU0cht8A,67,CNN
-0.6369,Wed Jun 06 12:32:32 +0000 2018,0.648,0.273,0.079,"Seattle just passed a controversial ""Amazon tax"" to alleviate the city's housing crisis, and now there's considerat‚Ä¶ https://t.co/6mKSbwx90L",68,CNN
0.6124,Wed Jun 06 12:21:58 +0000 2018,0.667,0.0,0.333,Social Security must reduce benefits in 2034 if reforms aren't made https://t.co/eMy25j6SGE,69,CNN
0.0,Wed Jun 06 12:15:12 +0000 2018,1.0,0.0,0.0,"5 things for Wednesday:

- Politics
- Guatemala volcano
- European Union &amp; same-sex couples
- Facebook
- Kate Spade‚Ä¶ https://t.co/scbgYqtu7g",70,CNN
0.2716,Wed Jun 06 12:05:07 +0000 2018,0.901,0.0,0.099,Tuesday was the most important night yet on 2018's political calendar. Here are six takeaways from last night's pri‚Ä¶ https://t.co/atMKVRBbPg,71,CNN
-0.4939,Wed Jun 06 12:00:21 +0000 2018,0.824,0.176,0.0,Lava filled up this Hawaiian bay and destroyed what could be hundreds of homes https://t.co/ioszLw3KRn https://t.co/kiZ9GlYshb,72,CNN
-0.128,Wed Jun 06 11:53:11 +0000 2018,0.88,0.12,0.0,America may soon face its biggest labor strike in decades https://t.co/t0AHirDvA0 https://t.co/SUPncZIUYt,73,CNN
-0.4939,Wed Jun 06 11:47:08 +0000 2018,0.833,0.167,0.0,Van Jones says it's 'beyond insulting' for the White House to lecture black people on patriotism‚Ä¶ https://t.co/pb89wdTpmN,74,CNN
0.0,Wed Jun 06 11:39:28 +0000 2018,1.0,0.0,0.0,"The family of Marjory Stoneman Douglas High School student activist David Hogg was the target of a ""swatting"" incid‚Ä¶ https://t.co/dq3ZHzILg6",75,CNN
0.8074,Wed Jun 06 11:31:59 +0000 2018,0.684,0.0,0.316,"If you haven't been to Hong Kong in a while, a huge variety of exciting attractions have either just opened or are‚Ä¶ https://t.co/MoxDFas0K3",76,CNN
0.4404,Wed Jun 06 11:22:14 +0000 2018,0.83,0.0,0.17,The European Union's top court has ruled that same-sex couples are entitled to the same residency rights as other m‚Ä¶ https://t.co/RCgzzVGAQw,77,CNN
-0.296,Wed Jun 06 11:10:05 +0000 2018,0.901,0.099,0.0,"For the first time since 2010, no women are featured on Forbes' list of the world's 100 highest-paid sports stars‚Ä¶ https://t.co/xBoTWfP05z",78,CNN
0.0,Wed Jun 06 11:00:14 +0000 2018,1.0,0.0,0.0,More than 100 monuments and symbols have been removed from 22 states and DC since the Charleston church shooting --‚Ä¶ https://t.co/8tVieZLGSc,79,CNN
0.0,Wed Jun 06 10:48:20 +0000 2018,1.0,0.0,0.0,White House again refuses to comment on previous false statements https://t.co/SOI8F52QLj https://t.co/nPyGynkVqv,80,CNN
0.0,Wed Jun 06 10:36:06 +0000 2018,1.0,0.0,0.0,8 states held primary elections yesterday. Here's how it all went down. https://t.co/Wngw6vFOJ9 https://t.co/mZQR7P1Zay,81,CNN
0.6705,Wed Jun 06 10:34:05 +0000 2018,0.776,0.0,0.224,"Henry Winkler, known for playing Arthur ""Fonzie"" Fonzarelli in ""Happy Days,"" tweeted that he was one of the many Ca‚Ä¶ https://t.co/v9KSgQmMuf",82,CNN
-0.4939,Wed Jun 06 10:22:13 +0000 2018,0.789,0.211,0.0,A stolen armored personnel carrier led police on a two-hour chase through Virginia https://t.co/TQ0w2BnOfJ https://t.co/TJ8khq6w1g,83,CNN
0.0,Wed Jun 06 10:10:02 +0000 2018,1.0,0.0,0.0,Democrats flip 42nd state legislative seat since President Trump took office https://t.co/EBYvXHwhKi https://t.co/6ATgwxJsQy,84,CNN
-0.6486,Wed Jun 06 10:03:06 +0000 2018,0.656,0.255,0.089,"Kelly Sadler, the White House communications aide who joked about Sen. John McCain's brain cancer last month, no lo‚Ä¶ https://t.co/J68VhZhFBF",85,CNN
-0.4019,Wed Jun 06 09:58:41 +0000 2018,0.876,0.124,0.0,"A random printing error left more than 118,000 California voters off rosters in Los Angeles County in the midst of‚Ä¶ https://t.co/tbvyjv334z",86,CNN
0.1027,Wed Jun 06 09:48:03 +0000 2018,0.882,0.0,0.118,Early returns show voters backing recall of judge who gave Stanford swimmer Brock Turner a six month sentence for s‚Ä¶ https://t.co/aObltSlppw,87,CNN
0.0,Wed Jun 06 09:46:22 +0000 2018,1.0,0.0,0.0,"On Wednesday, President Donald Trump's White House will host its first iftar, the sundown meal that breaks fasts du‚Ä¶ https://t.co/P2TNIcuwVo",88,CNN
0.7213,Wed Jun 06 09:35:05 +0000 2018,0.635,0.07,0.295,"""She could make me laugh so hard. I still can't believe it."" Actor David Spade shared a warm Christmas memory in a‚Ä¶ https://t.co/WjA0DnXf3E",89,CNN
0.0,Wed Jun 06 09:23:25 +0000 2018,1.0,0.0,0.0,Women recount why their Kate Spade purse was more than a handbag https://t.co/0oVMsppfV3 via @CNNStyle https://t.co/N2HtktZa9W,90,CNN
0.5267,Wed Jun 06 09:10:11 +0000 2018,0.603,0.138,0.259,"Kate Spade's death reminds us that success, money and apparent happiness may have nothing to do with a person's rea‚Ä¶ https://t.co/L9R450bciu",91,CNN
-0.2263,Wed Jun 06 08:59:39 +0000 2018,0.704,0.169,0.127,"San Francisco approves a proposition to ban the sale of flavored tobacco products, including menthol cigarettes and‚Ä¶ https://t.co/wN1RwRqK3k",92,CNN
-0.4588,Wed Jun 06 08:49:47 +0000 2018,0.842,0.158,0.0,"San Francisco has banned sales of flavored tobacco products, including menthol cigarettes and flavored vaping liqui‚Ä¶ https://t.co/KmbPpmQBMn",93,CNN
0.1531,Wed Jun 06 08:39:07 +0000 2018,0.929,0.0,0.071,What do giant doughnuts and a hot dog as big as a firetruck have in common? They are some of the peculiar buildings‚Ä¶ https://t.co/KQkwSfC7ft,94,CNN
0.765,Wed Jun 06 08:09:05 +0000 2018,0.742,0.0,0.258,"""We thank our great Singaporean hosts for their hospitality."" Donald Trump and Kim Jong Un will meet at the Capella‚Ä¶ https://t.co/XqXxpEqTel",95,CNN
-0.4939,Wed Jun 06 07:55:04 +0000 2018,0.833,0.167,0.0,Van Jones says it's 'beyond insulting' for the White House to lecture black people on patriotism‚Ä¶ https://t.co/cn00aeyxAX,96,CNN
0.0,Wed Jun 06 07:45:05 +0000 2018,1.0,0.0,0.0,Syphilis cases hit highest level in almost 70 years in England https://t.co/Tbwh5QEmlJ https://t.co/dQVtvcatA3,97,CNN
0.0,Wed Jun 06 07:31:08 +0000 2018,1.0,0.0,0.0,"Ex-White House communications director Anthony Scaramucci says ""someone had it out"" for the White House communicati‚Ä¶ https://t.co/J5dZixCOFK",98,CNN
-0.0772,Wed Jun 06 07:15:08 +0000 2018,0.699,0.161,0.14,China's exam migrants desperate for chance to sit life-changing gaokao https://t.co/3Lrj9GhsK5 https://t.co/iSTAHdYniM,99,CNN
0.3182,Wed Jun 06 07:00:07 +0000 2018,0.892,0.0,0.108,"The original Gerber baby, Ann Turner Cook, met with 2018 spokesbaby Lucas Warren, the first child with Down syndrom‚Ä¶ https://t.co/W4GxQyxhnU",100,CNN
0.0,Wed Jun 06 19:03:03 +0000 2018,1.0,0.0,0.0,"Tonight, #OurGirl actress @michkeegan uncovers some exceptional women on her family tree. üôãüíï

Who Do You Think You‚Ä¶ https://t.co/HDwdTyTqIw",1,BBC
0.1779,Wed Jun 06 18:03:04 +0000 2018,0.718,0.122,0.16,No leaks (and better orgasms) - what you need to know about your pelvic floor. https://t.co/m8pGrbm71M,2,BBC
0.0,Wed Jun 06 17:02:09 +0000 2018,1.0,0.0,0.0,"74 years on from D-Day, these infrared photos show WW2 bunkers in new light. üì∑ 
https://t.co/Dn2XKQ5jtZ https://t.co/Rqm91pIfj4",3,BBC
0.0,Wed Jun 06 16:00:01 +0000 2018,1.0,0.0,0.0,"There are more than 110,000 gang members in Honduras and they're tearing the country apart. https://t.co/ZF9M0iAvzb",4,BBC
0.3182,Wed Jun 06 13:02:05 +0000 2018,0.892,0.0,0.108,From a French novel about the Burundi genocide to a Chilean mystery: add these titles to your book shelf this month‚Ä¶ https://t.co/T9AG8kvoPG,5,BBC
-0.5574,Wed Jun 06 12:21:20 +0000 2018,0.847,0.153,0.0,"RT @BBC_ARoadshow: Fiona discovers more about suffragette Emily Wilding Davison, who died after throwing herself in front of the King's hor‚Ä¶",6,BBC
-0.6523,Wed Jun 06 12:03:06 +0000 2018,0.764,0.236,0.0,"Ethan Hawke relives the time when one of his co-stars DIED on stage. #TheGNShow

https://t.co/XIG2Y8OA7m",7,BBC
0.0,Wed Jun 06 11:02:02 +0000 2018,1.0,0.0,0.0,"In 1993, Steven Spielberg's film Jurassic Park defined dinosaurs for an entire generation... but does it make scien‚Ä¶ https://t.co/wLK4pyl9pv",8,BBC
0.0,Wed Jun 06 10:01:40 +0000 2018,1.0,0.0,0.0,"RT @BBCSpringwatch: Ever heard a beatboxing starling? üîä üîä

#Springwatch https://t.co/NC52eJ4MX0",9,BBC
0.4215,Wed Jun 06 08:55:39 +0000 2018,0.833,0.0,0.167,RT @bbcthree: Madame Poole has been ballet dancing for an astounding seven decades. #HearHer https://t.co/X6ltLoANl7,10,BBC
0.0,Wed Jun 06 08:55:13 +0000 2018,1.0,0.0,0.0,RT @BBCTwo: What if @BBCSpringwatch did #LoveIsland...? üíöüòÇ https://t.co/V7loYt8gpl,11,BBC
0.0,Wed Jun 06 08:55:07 +0000 2018,1.0,0.0,0.0,"RT @BBCFOUR: Here's a sneak preview of our brand new drama #Hidden. Starts Saturday, 9pm, @BBCFour. https://t.co/cibPD1hzr3 https://t.co/te‚Ä¶",12,BBC
0.2732,Wed Jun 06 08:02:01 +0000 2018,0.698,0.126,0.177,"When Mona began to lose her sight, her 84-year-old husband did something amazing for her... üíÖüíÑ‚ù§Ô∏èÔ∏è

https://t.co/Qle1eoBU5x",13,BBC
-0.7579,Wed Jun 06 07:31:01 +0000 2018,0.667,0.281,0.053,"We're all familiar with that sinking, nagging feeling we get when we realise we have made the wrong choice. üòü

But‚Ä¶ https://t.co/NPYZY5U43f",14,BBC
0.0,Wed Jun 06 07:04:04 +0000 2018,1.0,0.0,0.0,"üìªüê´ü¶Öüêºü¶à @GregJames has got a new co-host!

Sir David Attenborough becomes a @BBCR1 DJ at 5pm today... 

https://t.co/zHHtjBZZ9v",15,BBC
-0.4019,Tue Jun 05 19:25:03 +0000 2018,0.863,0.137,0.0,"'The problem with plastic is that it never goes away. It doesn't decompose. It defies nature.' 
#WorldEnvironmentDay https://t.co/Tkmj9qXzlK",16,BBC
-0.7184,Tue Jun 05 19:02:05 +0000 2018,0.727,0.273,0.0,"#OurGirl is back and heading to Nigeria in the fight against terror. 

Our Girl | 9pm | @BBCOne |‚Ä¶ https://t.co/epbhcujexD",17,BBC
0.0,Tue Jun 05 18:02:06 +0000 2018,1.0,0.0,0.0,"üë∂ü•¶ If your child's a fussy eater, here are 5 tips from scientist @Dr_C_Llewellyn. https://t.co/MOhdgXa96t",18,BBC
0.8221,Tue Jun 05 16:50:46 +0000 2018,0.719,0.0,0.281,RT @BBCTwo: Always wanted to pitch an idea to the stars of #DragonsDen? Well here‚Äôs your chance! Reply to this tweet with your best busines‚Ä¶,19,BBC
-0.8126,Tue Jun 05 16:31:52 +0000 2018,0.73,0.27,0.0,"üíî Fashion designer Kate Spade, 55, has been found dead in her New York apartment.
üëâ https://t.co/ku2uHiO0Nh https://t.co/sg40Mjbb12",20,BBC
-0.1531,Tue Jun 05 16:00:22 +0000 2018,0.814,0.11,0.076,‚ôªÔ∏èüóë These protesters want shops to take more responsibility for the overuse of plastic packaging.‚Ä¶ https://t.co/C4YX62DYWU,21,BBC
0.6369,Tue Jun 05 13:01:07 +0000 2018,0.84,0.0,0.16,"‚ù§Ô∏èüòΩ This man has vowed to be the best 'cat dad' he can be after finding random kittens under his bed. 
üëâ‚Ä¶ https://t.co/fWsKzfv8s3",22,BBC
0.8122,Tue Jun 05 12:00:22 +0000 2018,0.519,0.09,0.391,"üòÇ These knitted Poldark dolls are the best!
#TheGNShow https://t.co/Mpc1dWzojg",23,BBC
0.4019,Tue Jun 05 11:12:05 +0000 2018,0.863,0.0,0.137,"RT @BBC_ARoadshow: From artists to explorers, suffragettes to swimmers #antiquesroadshow discovers the pioneering women who have help shape‚Ä¶",24,BBC
0.0,Tue Jun 05 11:00:07 +0000 2018,1.0,0.0,0.0,"How does plastic actually enter our oceans? 
#WorldEnvironmentDay https://t.co/LdOt9inVFS",25,BBC
0.0,Tue Jun 05 10:45:52 +0000 2018,1.0,0.0,0.0,RT @BBCBreakfast: Have you got yours yet? #gingeremoji https://t.co/hKwIsLspYC,26,BBC
0.7096,Tue Jun 05 10:34:07 +0000 2018,0.763,0.0,0.237,RT @bbcthree: 17-year-old Dillon upcycles clothes to help young homeless people feel confident going to school or for job interviews. https‚Ä¶,27,BBC
0.7506,Tue Jun 05 10:31:20 +0000 2018,0.758,0.0,0.242,"RT @BBCNews: ""I was disabled before it was popular.""

@LostVoiceGuy - aka Lee Ridley - is the first comedian to win Britain's Got Talent.‚Ä¶",28,BBC
0.0,Tue Jun 05 10:21:33 +0000 2018,1.0,0.0,0.0,"üé®üôå Middle-earth in colour: How Tolkien drew his fantasy universe.
üëâ https://t.co/z754byqVpR https://t.co/Jr6PnQWvIU",29,BBC
0.0,Tue Jun 05 09:34:23 +0000 2018,1.0,0.0,0.0,"It's time to think about our plastic behaviour.
#WorldEnvironmentDay https://t.co/kSzSawpYLv",30,BBC
0.0,Tue Jun 05 08:01:03 +0000 2018,1.0,0.0,0.0,Some of Arthur C Clarke's predictions about the future were bang on... https://t.co/6M7UJv6Mmh,31,BBC
-0.5719,Tue Jun 05 07:29:04 +0000 2018,0.764,0.236,0.0,"üìé The psychology of stealing office supplies. 
üëâ https://t.co/vfXaRVYcwU https://t.co/zoPWJRXVtO",32,BBC
-0.296,Tue Jun 05 07:00:11 +0000 2018,0.845,0.155,0.0,üí§ Ever wondered what your brain is up to while you're dreaming? https://t.co/2JHc0lFKbS,33,BBC
-0.5707,Mon Jun 04 19:03:02 +0000 2018,0.822,0.178,0.0,"Versailles is back! Tonight, Madame de Montespan finds out how to hurt a former friend...  

#Versailles | 9pm |‚Ä¶ https://t.co/5nEGyPoAp6",34,BBC
-0.4767,Mon Jun 04 18:31:05 +0000 2018,0.829,0.171,0.0,"The story of a group of working-class women conducting a dangerous campaign for the vote.

Suffragettes with‚Ä¶ https://t.co/RKwQbGQMdu",35,BBC
-0.5859,Mon Jun 04 18:02:05 +0000 2018,0.769,0.231,0.0,The moment a dancing off-duty FBI agent drops his gun performing backflip and accidentally shoots man in leg. https://t.co/FIu2mCjlyP,36,BBC
0.0,Mon Jun 04 17:01:13 +0000 2018,1.0,0.0,0.0,"üì∏ From #Manhattanhenge to the world's largest freshwater pearl, here are some of the most striking news photos take‚Ä¶ https://t.co/5Tp0s3MG7n",37,BBC
0.0,Mon Jun 04 16:01:04 +0000 2018,1.0,0.0,0.0,"ü§∑‚Äç‚ôÄÔ∏èüòÇ When @CubaGoodingJr took over @BBCBreakfast.
 https://t.co/XSPs0MOKoN",38,BBC
-0.4215,Mon Jun 04 13:03:05 +0000 2018,0.865,0.135,0.0,"üßî Bearded men have been taking pictures of themselves from below and it's freaking people out...
üëâ‚Ä¶ https://t.co/FQ9t0swX2t",39,BBC
0.5411,Mon Jun 04 12:34:04 +0000 2018,0.83,0.0,0.17,RT @bbcdoctorwho: Every episode of #DoctorWho since 2005 is now available to watch on @BBCiPlayer‚Ä¶ Enjoy! https://t.co/uNWq307bei https://t‚Ä¶,40,BBC
0.6369,Mon Jun 04 12:01:05 +0000 2018,0.755,0.0,0.245,"‚ù§Ô∏è Ethan Hawke will be forever grateful to Robin Williams for helping launch his career.
#TheGNShow https://t.co/uYMvKQvuev",41,BBC
0.0,Mon Jun 04 11:05:00 +0000 2018,1.0,0.0,0.0,"Would you describe yourself as a feminist?

#HearHer https://t.co/4UZzAu2IRO",42,BBC
0.9183,Mon Jun 04 10:18:03 +0000 2018,0.578,0.048,0.374,"RT @BBCSpringwatch: Surely this is the only way to react to chicks fledging?! üòÇ We sure are excited here at #Springwatch HQ! 

Thanks for c‚Ä¶",43,BBC
0.7263,Mon Jun 04 08:00:15 +0000 2018,0.529,0.123,0.348,"üí° Brilliant idea! 

Plastic waste is being being recycled in to amazing furniture. https://t.co/cb0lSVhAFX",44,BBC
0.0,Mon Jun 04 07:24:07 +0000 2018,1.0,0.0,0.0,"üìö Every story in the world has one of these six basic plots. 
üëâ https://t.co/eoZXHpOX4q https://t.co/YC6oLjIn1O",45,BBC
0.2006,Mon Jun 04 07:00:15 +0000 2018,0.715,0.119,0.166,üì∏ü¶ä This photographer captures foxes in their most natural of habitats - the darkness. https://t.co/bkNUknwSAC,46,BBC
0.1779,Sun Jun 03 20:42:07 +0000 2018,0.683,0.165,0.153,RT @BBCTwo: Here's why @MrNishKumar wants The Spice Girls to stop right now. üòÇ #LiveAtTheApollo https://t.co/Beqy2kfFah,47,BBC
0.0,Sun Jun 03 20:03:08 +0000 2018,1.0,0.0,0.0,"A documentary about the trial of Jeremy Thorpe, which has remained unseen for nearly 40 years. 

The Jeremy Thorpe‚Ä¶ https://t.co/jLEcBHG1Cx",48,BBC
0.3818,Sun Jun 03 19:02:06 +0000 2018,0.867,0.0,0.133,"Comedian @frankieboyle is heading to Russia before the World Cup tournament begins. 

Frankie Goes to Russia | 9pm‚Ä¶ https://t.co/moLB9EGm1Q",49,BBC
0.0,Sun Jun 03 18:03:06 +0000 2018,1.0,0.0,0.0,"Meet the bees who make their own cologne! üêùüá≤üáΩ

https://t.co/wGqJoNINS2",50,BBC
0.0,Sun Jun 03 17:04:02 +0000 2018,1.0,0.0,0.0,"ü¶Å Be a zoo keeper for the day
üö≤ Ride a bicycle made for two 
ü¶à Swim with sharks 

An eight-year-old boy has created‚Ä¶ https://t.co/PkrSoRzoXB",51,BBC
0.0516,Sun Jun 03 16:10:18 +0000 2018,0.818,0.086,0.095,"ü¶ãüè∞üé• Lotte Reiniger, a forgotten pioneer of animation, was the first person to create an animated feature film in co‚Ä¶ https://t.co/GKBkpKVFjt",52,BBC
0.4574,Sun Jun 03 15:06:04 +0000 2018,0.572,0.0,0.428,"üíç‚ù§Ô∏è Guess that's a yes!
https://t.co/xLR4N7qtaZ",53,BBC
0.4404,Sun Jun 03 13:03:08 +0000 2018,0.828,0.0,0.172,Cow cuddling is the new wellness trend coming to a field near you... üêÆüíï https://t.co/jEwRFBzUJe https://t.co/zUzKHQ69oU,54,BBC
0.632,Sun Jun 03 13:00:15 +0000 2018,0.812,0.0,0.188,RT @BBCOne: This audience member made Aidan Turner his own knitted Poldark doll - and it's so cute! #TheGNShow https://t.co/94h7BfhoPk,55,BBC
0.0,Sun Jun 03 12:03:08 +0000 2018,1.0,0.0,0.0,The one and only Jeff Goldblum reveals how to do 'the look' that every Jurassic Park actor does when they first see‚Ä¶ https://t.co/H8dOEmsDMr,56,BBC
0.5994,Sun Jun 03 11:03:08 +0000 2018,0.83,0.0,0.17,These beautiful black and white photographs of London remained hidden in a loft for 30 years before they were disco‚Ä¶ https://t.co/F4PDR8kW81,57,BBC
0.743,Sun Jun 03 10:30:00 +0000 2018,0.76,0.0,0.24,"The Queen loves the Highland pony and has set up a breeding programme to ensure they continue to survive. ‚ù§Ô∏è 

Coun‚Ä¶ https://t.co/S7fUN1WmK0",58,BBC
0.8271,Sun Jun 03 10:04:05 +0000 2018,0.508,0.0,0.492,"These adorable baby hares snuggle together for warmth and comfort. üê∞üíï
https://t.co/LgJsY4XuHD",59,BBC
0.0,Sun Jun 03 08:03:02 +0000 2018,1.0,0.0,0.0,"This incredible cafe is run by teenagers with autism. ‚òïÔ∏èüç∞ü•™

https://t.co/D6HJgLYXxa",60,BBC
0.6858,Sun Jun 03 07:32:06 +0000 2018,0.688,0.067,0.245,"Intuition has fallen out of favour in an age of rational, analytical thinking. But should you still trust your gut?‚Ä¶ https://t.co/pl8SydpXfy",61,BBC
0.0,Sun Jun 03 07:04:03 +0000 2018,1.0,0.0,0.0,"Remembering the people of Bunce Island, who were sold into the British slave trade. 

https://t.co/HV5AWuWA29",62,BBC
0.5574,Sun Jun 03 06:31:32 +0000 2018,0.695,0.076,0.228,RT @bbcweather: Today will be fine and warm with plenty of sunshine for the majority of the country apart for an isolated heavy shower. Sco‚Ä¶,63,BBC
0.0,Sat Jun 02 19:10:08 +0000 2018,1.0,0.0,0.0,"Women are more likely to wait longer for a health diagnosis and to be told it‚Äôs ‚Äòall in their heads‚Äô.
üëâ‚Ä¶ https://t.co/9u3Pb6hQpT",64,BBC
0.6249,Sat Jun 02 19:02:05 +0000 2018,0.733,0.0,0.267,"A once-in-a-lifetime conversation with Eileen Atkins, Judi Dench, Maggie Smith and Joan Plowright. ‚ú®

Nothing Like‚Ä¶ https://t.co/JxH075mKLm",65,BBC
0.0,Sat Jun 02 17:29:00 +0000 2018,1.0,0.0,0.0,"Not long to go now...‚öΩÔ∏è

#HistoryWillBeMade https://t.co/Q2BX0nK5vg",66,BBC
0.296,Sat Jun 02 17:05:04 +0000 2018,0.779,0.086,0.135,A project to provide free sanitary products to women from low income households in Aberdeen is to be rolled out acr‚Ä¶ https://t.co/wfdK5nWCsC,67,BBC
-0.3612,Sat Jun 02 17:04:03 +0000 2018,0.737,0.263,0.0,üçΩÔ∏èü§£ When you‚Äôre too polite to complain. https://t.co/CrzNNixuaY,68,BBC
0.0,Sat Jun 02 16:04:07 +0000 2018,1.0,0.0,0.0,üåèüí´ 13.8 billion years of our universe's history packed into four minutes. https://t.co/EBGmVry69j,69,BBC
0.9337,Sat Jun 02 15:46:29 +0000 2018,0.53,0.0,0.47,RT @BBCShakespeare: Turns out even #Shakespeare acting legends love a good get together. üé≠ Tag those special friends you share everything w‚Ä¶,70,BBC
-0.3412,Sat Jun 02 15:02:06 +0000 2018,0.869,0.131,0.0,"Anthony Hopkins. Emma Thompson. William Shakespeare...

üëë It really doesn't get much better than this.  
#KingLear https://t.co/wQBYFQIIlf",71,BBC
-0.7845,Sat Jun 02 14:04:04 +0000 2018,0.743,0.257,0.0,"üì± Are health apps actually bad for your health?

'The danger is when we reduce our self-worth to a number.'
üëâ‚Ä¶ https://t.co/AOWkdvf3TY",72,BBC
0.5093,Sat Jun 02 13:09:14 +0000 2018,0.888,0.0,0.112,"RT @BBCSpringwatch: BREAKING NEWS! üö®

Our wrens have started to fledge the nest üòç Stay up to date at https://t.co/gIA23qZAHX
#Springwatch h‚Ä¶",73,BBC
-0.4767,Sat Jun 02 13:01:05 +0000 2018,0.829,0.171,0.0,"In 1966, a group of schoolchildren made some sad and uncannily accurate predictions about the future. https://t.co/gNGkpeyoZ9",74,BBC
0.4939,Sat Jun 02 12:02:03 +0000 2018,0.849,0.0,0.151,"ü§îüëî This men's T-shirt shirt is selling for ¬£935 and it's left loads of people pretty baffled.
üëâ‚Ä¶ https://t.co/yONjwKqdkz",75,BBC
0.0,Sat Jun 02 11:06:03 +0000 2018,1.0,0.0,0.0,ü¶Ü Swans have been borrowing items from @SteveBackshall to build their nests for the last few years.  https://t.co/d5S5PG9Ygi,76,BBC
0.4199,Sat Jun 02 09:00:14 +0000 2018,0.782,0.0,0.218,"üì∏üê∂ Call the puparazzi, these divas are ready to shine! üíéhttps://t.co/zYrpgXF69z",77,BBC
0.0,Sat Jun 02 08:01:03 +0000 2018,1.0,0.0,0.0,"üôå‚ù§Ô∏è Take us back to @NiallOfficial at #BiggestWeekend.

There's still time to catch up on this incredible set + lot‚Ä¶ https://t.co/sP2h8cjgsw",78,BBC
-0.4019,Sat Jun 02 07:51:56 +0000 2018,0.881,0.119,0.0,"RT @bbcmusic: We knew @TaylorSwift13 was trouble when she touched down in Swansea üòÖüòç

Watch her showstopping @BBCR1 #BiggestWeekend set in‚Ä¶",79,BBC
0.0,Fri Jun 01 19:06:04 +0000 2018,1.0,0.0,0.0,üé§‚ù§Ô∏è #BTS are on the lips and screens of fans everywhere as the #Kpop band smash records in real life and on social‚Ä¶ https://t.co/h7KwxeZQm5,80,BBC
0.4588,Fri Jun 01 18:01:07 +0000 2018,0.667,0.0,0.333,üòà Cute...but deadly. https://t.co/lhpd0watrN,81,BBC
0.0,Fri Jun 01 16:33:00 +0000 2018,1.0,0.0,0.0,Leaving work on a Friday like... üëãüíÉ#FridayFeeling @Camila_Cabello https://t.co/oJUssdSPfb,82,BBC
0.0,Fri Jun 01 16:04:04 +0000 2018,1.0,0.0,0.0,üß†üéû A film where the plot changes depending on the viewer‚Äôs brain activity has been developed. https://t.co/7UCYCO7Xyz,83,BBC
0.4588,Fri Jun 01 15:29:31 +0000 2018,0.842,0.0,0.158,RT @BBCScotland: Watch one of Scotland's best-known structures appear from the mist in this stunning timelapse https://t.co/h0mUFTKcmQ,84,BBC
0.6249,Fri Jun 01 14:24:40 +0000 2018,0.797,0.0,0.203,"RT @bbcgetinspired: Meet the Nawaz family and hear how #SuperMovers is helping them get a better night‚Äôs sleep. 

Remember to check out Sup‚Ä¶",85,BBC
0.1779,Fri Jun 01 13:00:21 +0000 2018,0.7,0.115,0.185,"A natural hair dye based on the blackcurrant waste from the production of Ribena has been created by scientists.
üëâ‚Ä¶ https://t.co/4e001z6rPc",86,BBC
0.5719,Fri Jun 01 12:32:03 +0000 2018,0.684,0.0,0.316,"Smithy knows how to celebrate #nationalfishandchipday properly. üòÇüçü

https://t.co/FFV75BsW0Q",87,BBC
0.0,Fri Jun 01 12:01:05 +0000 2018,1.0,0.0,0.0,"üåΩüçîüåÆ Vegan junk food, anyone? 
#MillionPoundMenu https://t.co/MY5i9Xph5H",88,BBC
0.0772,Fri Jun 01 11:10:46 +0000 2018,0.947,0.0,0.053,RT @BBCTwo: Want to learn some quick Swedish and Danish? Here‚Äôs the cast of #TheBridge with some everyday phrases you might need‚Ä¶ ‚ò†üò± https:‚Ä¶,89,BBC
-0.6369,Fri Jun 01 11:00:16 +0000 2018,0.688,0.252,0.06,üò¢ @NatGeoMag has published a selection of startling photos highlighting the vast amounts of discarded plastic choki‚Ä¶ https://t.co/vdjw1nnW36,90,BBC
0.0,Fri Jun 01 10:28:25 +0000 2018,1.0,0.0,0.0,"RT @BBCBreakfast: Come on then, who wants to get their hands on the world's largest freshwater pearl? üôãüôã‚Äç‚ôÇÔ∏è https://t.co/C0QV5sHSRx",91,BBC
0.0,Fri Jun 01 10:01:36 +0000 2018,1.0,0.0,0.0,"üé∂ Won‚Äôt you listen to the man that‚Äôs‚Ä¶ reading you a #BedtimeStory! 
 
üìö Catch @george_ezra tonight on #CBeebies! https://t.co/mcCzqePrQ7",92,BBC
0.0,Fri Jun 01 08:20:46 +0000 2018,1.0,0.0,0.0,"RT @BBC6Music: Which Biggest Weekend sets will you be watching back on iPlayer?

We asked Neneh (@misscherrylala), @Hanpeel, @Franz_Ferdina‚Ä¶",93,BBC
0.4404,Fri Jun 01 08:00:05 +0000 2018,0.612,0.129,0.259,"This guy is INCREDIBLE üòÇ
#Hardball https://t.co/HiI4Uxe5TZ",94,BBC
0.0,Fri Jun 01 07:33:03 +0000 2018,1.0,0.0,0.0,The 1960s counterculture fuelled an artistic explosion in the US ‚Äì but were the flower children merely privileged?‚Ä¶ https://t.co/T81ZRLcQQr,95,BBC
0.3182,Fri Jun 01 07:00:15 +0000 2018,0.496,0.198,0.306,Is individualism to be celebrated or lamented? https://t.co/85gs317qM5,96,BBC
-0.7003,Thu May 31 19:02:02 +0000 2018,0.756,0.244,0.0,"'There's nothing a man can do that a woman cannot do'. 

Meet the Nigerian girls fighting out of poverty. ü•ä

https://t.co/d0fm8HShEK",97,BBC
0.6041,Thu May 31 18:03:07 +0000 2018,0.768,0.0,0.232,"Did @PanicAtTheDisco's @BrendonUrie just reveal he was almost in The Greatest Showman? üò±üé∂

https://t.co/7YXvyrTfHw",98,BBC
0.802,Thu May 31 17:02:06 +0000 2018,0.745,0.0,0.255,"üòç A baby tamandua called Poco has been born at @ZSLLondonZoo and we're in love. 
üëâ https://t.co/RM8LMd1PXm https://t.co/vI4Jkn6iVG",99,BBC
0.0,Thu May 31 16:03:03 +0000 2018,1.0,0.0,0.0,"Introducing: the little owl! ü¶â üíö

Less nocturnal than other owls, you can often see these birds during the day.

https://t.co/Tn8nNXr5Wd",100,BBC
0.34,Wed Jun 06 19:30:01 +0000 2018,0.854,0.0,0.146,Democrats easily flip Missouri state senate seat Republicans have held for more than a decade‚Ä¶ https://t.co/TVDNuRXcVL,1,CBS News
-0.7184,Wed Jun 06 19:09:56 +0000 2018,0.591,0.339,0.07,"Severe storms, including baseball-sized hail, left a trail of destruction in Texas overnight https://t.co/DerFBFrxsv https://t.co/VzEZbpkUwS",2,CBS News
0.0,Wed Jun 06 19:02:37 +0000 2018,1.0,0.0,0.0,"Woman catches foul ball in beer cup at Padres game, proceeds to chug the beer with the ball in it‚Ä¶ https://t.co/33ArVMffm8",3,CBS News
0.0382,Wed Jun 06 18:55:40 +0000 2018,0.801,0.095,0.104,"Federal judge rules Trump administration cannot cut off grants to Philadelphia over ""sanctuary city"" fight:‚Ä¶ https://t.co/1zzWAiV4oE",4,CBS News
-0.5423,Wed Jun 06 18:39:36 +0000 2018,0.696,0.304,0.0,Crocodile kills pastor performing baptism on lake https://t.co/62AFAIyOqp https://t.co/LmPK8AcGrU,5,CBS News
0.0,Wed Jun 06 18:25:38 +0000 2018,1.0,0.0,0.0,"House Speaker Paul Ryan breaks with President Trump on ""spygate"" claim: https://t.co/HI0d9JKwQX https://t.co/yvmt6kwWvO",6,CBS News
-0.6486,Wed Jun 06 18:22:26 +0000 2018,0.798,0.202,0.0,"‚ÄúWe‚Äôve had three¬†devastating major hurricanes¬†that hit our country within a¬†month's time,‚Äù President Trump says. ‚ÄúA‚Ä¶ https://t.co/3Orv6qh3oN",7,CBS News
0.0,Wed Jun 06 18:12:31 +0000 2018,1.0,0.0,0.0,WATCH LIVE: President Trump receives 2018 hurricane season briefing at FEMA headquarters https://t.co/HaKdP42Znv https://t.co/02GFuEyHMZ,8,CBS News
-0.6908,Wed Jun 06 18:09:48 +0000 2018,0.769,0.231,0.0,Colonel Sanders may be rolling over in his grave: KFC is devising a fake meat version with the colonel's tightly he‚Ä¶ https://t.co/PDB0olpUmw,9,CBS News
0.0,Wed Jun 06 17:49:57 +0000 2018,1.0,0.0,0.0,"A man took a knee during the national anthem at the White House's ""Celebration of America"" event on Tuesday:‚Ä¶ https://t.co/758QPRqG0z",10,CBS News
-0.4215,Wed Jun 06 17:34:43 +0000 2018,0.833,0.167,0.0,UPS workers have given their union the go-ahead to call a strike in what would be their first walkout in decades‚Ä¶ https://t.co/q7zQZ44q9L,11,CBS News
-0.0772,Wed Jun 06 17:21:41 +0000 2018,0.751,0.131,0.117,"""We're talking everything through. There may be disagreements. I regard this as much like a family quarrel. I'm alw‚Ä¶ https://t.co/9D1GOSG7mG",12,CBS News
-0.8689,Wed Jun 06 17:20:27 +0000 2018,0.57,0.43,0.0,"Bobby Kennedy died 50 years ago today, after an assassination that shocked the nation. https://t.co/nLmV77t3CN‚Ä¶ https://t.co/t1xwEoEBzA",13,CBS News
0.3612,Wed Jun 06 17:19:50 +0000 2018,0.884,0.0,0.116,"""This is not the Chinese government buying a bunch of natural gas and soybeans from America. This is about reducing‚Ä¶ https://t.co/TqmCOTNt5t",14,CBS News
0.0,Wed Jun 06 17:15:10 +0000 2018,1.0,0.0,0.0,WATCH LIVE: Director of the National Economic Council Larry Kudlow holds a press briefing on the G7 conference‚Ä¶ https://t.co/FBjjHP3ZIV,15,CBS News
0.3612,Wed Jun 06 17:03:14 +0000 2018,0.837,0.0,0.163,President Trump commutes the life sentence of Alice Marie Johnson after her case was championed by Kim Kardashian W‚Ä¶ https://t.co/MzOV8qTJYo,16,CBS News
-0.3818,Wed Jun 06 16:54:54 +0000 2018,0.874,0.126,0.0,About 100 firefighters battle blaze at a luxury hotel in London; video footage shows smoke billowing from the roof‚Ä¶ https://t.co/q40GrOBdwd,17,CBS News
0.3612,Wed Jun 06 16:40:05 +0000 2018,0.889,0.0,0.111,"Too close for comfort: A woman captured video of a black fin shark swimming just off the coast of Myrtle Beach, pro‚Ä¶ https://t.co/74L7mE1bRJ",18,CBS News
0.0,Wed Jun 06 16:33:09 +0000 2018,1.0,0.0,0.0,"WATCH: President Trump is signing the VA Mission Act, which will facilitate military veterans' access to private-se‚Ä¶ https://t.co/WE1QY2NYPY",19,CBS News
0.0,Wed Jun 06 16:20:32 +0000 2018,1.0,0.0,0.0,GOP Senate report says Obama officials gave Iran access to U.S. financial system https://t.co/uQ2uI2IlUk https://t.co/SqOXiKuj6O,20,CBS News
0.0,Wed Jun 06 16:06:44 +0000 2018,1.0,0.0,0.0,"Former New York City Mayor Rudy Giuliani says North Korean leader Kim Jong Un got ""on his hands and knees and begge‚Ä¶ https://t.co/Edm9hrv3qY",21,CBS News
-0.6705,Wed Jun 06 15:39:44 +0000 2018,0.693,0.251,0.056,"Severe storms, including hail the size of baseballs, left a trail of damage in Texas overnight: ""It actually sounde‚Ä¶ https://t.co/F0S5mRDS4d",22,CBS News
-0.296,Wed Jun 06 15:24:49 +0000 2018,0.879,0.121,0.0,Cambridge Analytica chief Alexander Nix accused of taking $8M from company ahead of its recent collapse‚Ä¶ https://t.co/uQt5Ko8H2o,23,CBS News
0.0,Wed Jun 06 15:09:40 +0000 2018,1.0,0.0,0.0,President Trump and North Korean leader Kim Jong Un will use a luxury resort for their nuclear summit in Singapore‚Ä¶ https://t.co/qVBuCeM27l,24,CBS News
0.1624,Wed Jun 06 14:55:13 +0000 2018,0.775,0.12,0.105,"Fire fighters brought out the vacuum for this rescue. But they weren't cleaning, they were sucking ducks out of a h‚Ä¶ https://t.co/6bxqjrUKrw",25,CBS News
0.0,Wed Jun 06 14:43:36 +0000 2018,1.0,0.0,0.0,"‚ÄúWhy was it canceled?¬†Probably because we didn't go.¬†I mean, we could have, but ‚Ä¶ we wanted to¬†get work in and got‚Ä¶ https://t.co/WUcboR3VMp",26,CBS News
0.0,Wed Jun 06 14:39:48 +0000 2018,1.0,0.0,0.0,"""I'm not discussing it. It's over. What you have seen and what you heard is enough,"" Philadelphia Eagles coach Doug‚Ä¶ https://t.co/DynG4hFy9y",27,CBS News
0.0,Wed Jun 06 14:37:52 +0000 2018,1.0,0.0,0.0,MOMENTS AGO: Philadelphia Eagles' coach Doug Pederson is talking to the press for the first time since the team was‚Ä¶ https://t.co/Py0j25blzT,28,CBS News
-0.4767,Wed Jun 06 14:20:56 +0000 2018,0.725,0.213,0.063,California voters recall judge who sentenced Brock Turner to short jail sentence for sexually assaulting a young wo‚Ä¶ https://t.co/ytfSdZ1Tde,29,CBS News
0.0,Wed Jun 06 14:00:02 +0000 2018,1.0,0.0,0.0,Rep. Steve Scalise makes return to congressional baseball practice one year after he was shot‚Ä¶ https://t.co/vYhUPbf0AA,30,CBS News
0.0,Wed Jun 06 13:45:13 +0000 2018,1.0,0.0,0.0,"At dawn, 74 years ago today, American troops landed on the beaches of Normandy for #DDay https://t.co/kZkMDX4NYy https://t.co/7keHgWnR3a",31,CBS News
0.0,Wed Jun 06 13:29:36 +0000 2018,1.0,0.0,0.0,"GOP Senate report says Obama officials gave Iran access to U.S. financial system
https://t.co/wtrSoueTqq https://t.co/pCN0FMX1Al",32,CBS News
-0.7269,Wed Jun 06 13:16:19 +0000 2018,0.757,0.243,0.0,"Is the Earth angry? Two volcanoes had massive eruptions in the past few weeks, causing wide spread devastation in H‚Ä¶ https://t.co/S0kZlRbiCp",33,CBS News
0.7184,Wed Jun 06 13:00:27 +0000 2018,0.7,0.0,0.3,WATCH: Police successfully rescued a baby girl from a volcanic ash-covered home near Guatemala's Volcan de Fuego‚Ä¶ https://t.co/P5r7UxhLRb,34,CBS News
0.0,Wed Jun 06 12:39:45 +0000 2018,1.0,0.0,0.0,Single mom who went into labor during final exam graduates from Harvard Law School https://t.co/YsBOky9QEv https://t.co/u4fWmxIejp,35,CBS News
0.5719,Wed Jun 06 12:36:34 +0000 2018,0.829,0.0,0.171,"Sen. Robert Kennedy was assassinated 50 years ago, just moments after he won the California presidential primary. A‚Ä¶ https://t.co/lfHSEK4CJX",36,CBS News
0.4168,Wed Jun 06 12:27:44 +0000 2018,0.824,0.0,0.176,"Woman punched by New Jersey officer on the beach: ""I'm not a criminal""
https://t.co/Gn29V1Hqv1 https://t.co/LjFlUq3lEN",37,CBS News
0.0,Wed Jun 06 12:21:48 +0000 2018,1.0,0.0,0.0,"Starbucks recently revealed its plans to build nearly 3,000 new stores in mainland China over the next five years,‚Ä¶ https://t.co/7REh52vs8g",38,CBS News
0.4215,Wed Jun 06 12:15:31 +0000 2018,0.865,0.0,0.135,Headspace is a popular meditation app that aims to bring mindfulness to the masses. The app provides guided meditat‚Ä¶ https://t.co/qU04mCTKbl,39,CBS News
0.0,Wed Jun 06 12:09:34 +0000 2018,1.0,0.0,0.0,Facebook is under new scrutiny after acknowledging data-sharing partnerships with at least 4 Chinese electronic com‚Ä¶ https://t.co/sdK4gW2zbR,40,CBS News
0.0,Wed Jun 06 12:08:02 +0000 2018,1.0,0.0,0.0,"Today, First lady Melania Trump is expected to make her first appearance in 27 days in front of cameras. She will j‚Ä¶ https://t.co/yxNTo4gnn7",41,CBS News
0.0,Wed Jun 06 12:06:20 +0000 2018,1.0,0.0,0.0,President Trump and North Korean leader Kim Jong Un will use a luxury resort in Singapore for their summit next wee‚Ä¶ https://t.co/CRKhIWrnAK,42,CBS News
0.0,Wed Jun 06 12:00:22 +0000 2018,1.0,0.0,0.0,Key Senate Republicans are pushing longshot legislation that would require Congress to sign off on President Trump'‚Ä¶ https://t.co/FLrpCVUPgt,43,CBS News
0.0,Wed Jun 06 11:54:17 +0000 2018,1.0,0.0,0.0,Here are some of this morning‚Äôs headlines on @CBSThisMorning https://t.co/J93l20OHFg,44,CBS News
-0.3369,Wed Jun 06 11:47:59 +0000 2018,0.727,0.191,0.082,A New Jersey police officer will not face charges for punching a woman in the head during a controversial arrest ca‚Ä¶ https://t.co/BdjgBWaYPv,45,CBS News
0.0,Wed Jun 06 11:40:30 +0000 2018,1.0,0.0,0.0,Former President Bill Clinton is responding to backlash for saying he did not believe he owed Monica Lewinsky a fac‚Ä¶ https://t.co/3WfLWL5fxf,46,CBS News
0.5719,Wed Jun 06 11:39:31 +0000 2018,0.829,0.0,0.171,The sister of celebrated fashion designer Kate Spade tells @CBSThisMorning she may have taken her own life because‚Ä¶ https://t.co/dTWj8f98nU,47,CBS News
-0.34,Wed Jun 06 11:34:31 +0000 2018,0.793,0.207,0.0,"Northern California voters have recalled a judge from office over a controversial sentencing decision, Judge Aaron‚Ä¶ https://t.co/ZhLRa0PmHE",48,CBS News
0.34,Wed Jun 06 11:33:47 +0000 2018,0.882,0.0,0.118,"Here are three things you should know this morning:
1‚É£Openings outnumber jobless
2‚É£Smart toy security flaws
3‚É£New l‚Ä¶ https://t.co/ID18Pe4Ss4",49,CBS News
-0.4939,Wed Jun 06 11:20:48 +0000 2018,0.833,0.167,0.0,The Kilauea Volcano in Hawaii destroyed hundreds more homes in two oceanfront communities. @LonnieQuinnTV has more‚Ä¶ https://t.co/e4cTELTirO,50,CBS News
0.0,Wed Jun 06 11:20:19 +0000 2018,1.0,0.0,0.0,Lucas Warren was named the newest poster baby for Gerber baby food earlier this year; now he's in the spotlight aga‚Ä¶ https://t.co/k05jk4bEQX,51,CBS News
0.0,Wed Jun 06 11:17:16 +0000 2018,1.0,0.0,0.0,RT @CBSThisMorning: Many of the online tributes to Kate Spade have raised awareness for mental health. If you or someone you know needs hel‚Ä¶,52,CBS News
-0.4215,Wed Jun 06 11:16:56 +0000 2018,0.686,0.201,0.113,Guatemala's disaster agency ordered new evacuations over a sudden increase in volcanic activity after Sunday's dead‚Ä¶ https://t.co/SezrgpdGNf,53,CBS News
0.0,Wed Jun 06 11:13:52 +0000 2018,1.0,0.0,0.0,They're still counting votes following a series of primary elections that could determine who controls Congress nex‚Ä¶ https://t.co/1K9oxvmXzf,54,CBS News
0.4215,Wed Jun 06 11:10:43 +0000 2018,0.865,0.0,0.135,"The federal commission on school safety will hold its first public forum in Washington. Its chairman, Education Sec‚Ä¶ https://t.co/GxIi0WXr7R",55,CBS News
-0.8316,Wed Jun 06 11:10:29 +0000 2018,0.685,0.315,0.0,"Martese Edwards, a government contractor, was arrested for attempted murder when he showed up for work at the White‚Ä¶ https://t.co/8RSUTXSxR2",56,CBS News
-0.3182,Wed Jun 06 11:06:31 +0000 2018,0.892,0.108,0.0,Kate Spade's sister says the fashion designer may have taken her own life because of a struggle with mental illness‚Ä¶ https://t.co/G7M7jPqjGM,57,CBS News
0.7269,Wed Jun 06 11:00:01 +0000 2018,0.724,0.0,0.276,"Philippine President Rodrigo Duterte is defending an onstage kiss during a trip to South Korea: ""We enjoyed it""‚Ä¶ https://t.co/JgY7xDULI8",58,CBS News
0.0,Wed Jun 06 10:54:02 +0000 2018,1.0,0.0,0.0,"RT @CBSThisMorning: WATCH: Here's a preview of what to expect on @CBSThisMorning, next at 7 a.m. https://t.co/szjAxmJURB",59,CBS News
0.0,Wed Jun 06 10:44:53 +0000 2018,1.0,0.0,0.0,COMING UP: The woman punched by police on a New Jersey beach gives her first TV interview to @CBSThisMorning and re‚Ä¶ https://t.co/OHQqhw4xJQ,60,CBS News
0.4215,Wed Jun 06 10:41:34 +0000 2018,0.877,0.0,0.123,The co-founder of the popular meditation app @Headspace is in Studio 57 with his effort to bring mindfulness to the‚Ä¶ https://t.co/ZY3TPUPhEJ,61,CBS News
-0.4588,Wed Jun 06 10:39:52 +0000 2018,0.678,0.225,0.097,Frightened people living near Guatemala's Volcano of Fire fled with their children and few possessions when fresh f‚Ä¶ https://t.co/iAiyE01qN4,62,CBS News
0.296,Wed Jun 06 10:28:04 +0000 2018,0.885,0.0,0.115,"RT @CBSThisMorning: THIS MORNING: 
üîú@edokeefe discusses primary results
üîú@Headspace Co-founder and Chief Science Officer join us in Studio‚Ä¶",63,CBS News
0.3182,Wed Jun 06 10:19:56 +0000 2018,0.859,0.0,0.141,"North Korea expert has a message for President Trump: ""Please listen to your advisers"" https://t.co/eqtQCoF5rH https://t.co/hKUvzNQ04q",64,CBS News
-0.7717,Wed Jun 06 10:03:04 +0000 2018,0.544,0.456,0.0,Stars mourn Kate Spade's death on social media https://t.co/a75XNqStO9 https://t.co/H5b0LvFRkl,65,CBS News
-0.1551,Wed Jun 06 09:48:03 +0000 2018,0.76,0.139,0.101,"Indiana middle school shooting suspect not being charged as adult, prosecutors say https://t.co/3lxTJIjSMt https://t.co/FKIHTi50xy",66,CBS News
-0.4404,Wed Jun 06 09:33:04 +0000 2018,0.791,0.209,0.0,"Elk attacks another woman at Yellowstone National Park, authorities say https://t.co/yBvTZLQinr https://t.co/cs3lq7l1kM",67,CBS News
0.4215,Wed Jun 06 09:18:04 +0000 2018,0.781,0.0,0.219,"Scott Pruitt had aide ask about Chick-fil-A ""business opportunity"" https://t.co/Edf6yKUCWY https://t.co/F7DqsWBnVr",68,CBS News
-0.4767,Wed Jun 06 09:03:04 +0000 2018,0.78,0.22,0.0,"Philadelphia mayor calls Trump a ""tyrant"" after White House snubs Eagles https://t.co/D8h7AMazc7 https://t.co/hv6wOJhFqh",69,CBS News
0.34,Wed Jun 06 08:48:04 +0000 2018,0.821,0.0,0.179,Social Security says system's costs will exceed income this year https://t.co/GeEEMRzkj0 https://t.co/t3VnoOHYyS,70,CBS News
-0.5859,Wed Jun 06 08:33:04 +0000 2018,0.676,0.324,0.0,FBI agent whose gun accidentally went off in nightclub identified https://t.co/mdjjT4mlZl https://t.co/J3yPtuSDQx,71,CBS News
-0.5574,Wed Jun 06 08:18:03 +0000 2018,0.463,0.352,0.185,Secret Service arrests White House contractor with outstanding attempted murder warrant https://t.co/gtA0FC9Ya4 https://t.co/mWFKUj8JFe,72,CBS News
-0.7579,Wed Jun 06 08:03:03 +0000 2018,0.629,0.371,0.0,Suspect shot by police after infant found dead in hotel freezer https://t.co/zcutRJzF5u https://t.co/aLFmWyJJXp,73,CBS News
0.0,Wed Jun 06 07:48:03 +0000 2018,1.0,0.0,0.0,Deer caught on video tackling man on the highway in close call https://t.co/7XcCVIWaah https://t.co/CR5L8iWA5x,74,CBS News
0.0,Wed Jun 06 07:33:03 +0000 2018,1.0,0.0,0.0,"New Horizons Pluto probe wakes up, on course for New Year's Day flyby https://t.co/z8ueRIRl2s https://t.co/TUSaW4osoN",75,CBS News
-0.5106,Wed Jun 06 07:18:03 +0000 2018,0.784,0.216,0.0,"Kelly Sadler, White House aide who insulted John McCain, is out https://t.co/bK5a7BqFbJ https://t.co/YiZ1zIWtCE",76,CBS News
0.1027,Wed Jun 06 07:03:04 +0000 2018,0.676,0.149,0.176,"No evidence sex robots have any health benefits, report says https://t.co/JtHgBHDX3M https://t.co/7wUBVVUthj",77,CBS News
-0.4215,Wed Jun 06 06:48:03 +0000 2018,0.703,0.297,0.0,Target workers accused of forcing woman to expose herself https://t.co/ZalUhq42U5 https://t.co/B6HSBBLT5n,78,CBS News
0.0,Wed Jun 06 06:33:04 +0000 2018,1.0,0.0,0.0,Fans react to Trump canceling White House event for Philadelphia Eagles https://t.co/gyMHK66dJ4 https://t.co/FjfugXr5Ai,79,CBS News
-0.6597,Wed Jun 06 06:18:04 +0000 2018,0.714,0.286,0.0,"""Horrific death"": New details on woman's hotel drowning during hurricane https://t.co/YvCYfJwGsI https://t.co/S30B1oSUrf",80,CBS News
0.3182,Wed Jun 06 06:06:01 +0000 2018,0.874,0.0,0.126,Republican John Cox secures his place in the California gubernatorial election alongside democrat Gavin Newsom. To‚Ä¶ https://t.co/7Qz4gqdv5f,81,CBS News
0.0258,Wed Jun 06 05:19:33 +0000 2018,0.795,0.1,0.105,SWAT Team called to home of Parkland shooting survivor and gun control activist David Hogg due to prank call. Hogg‚Ä¶ https://t.co/LwYRx6UueU,82,CBS News
0.4939,Wed Jun 06 04:50:01 +0000 2018,0.824,0.0,0.176,The first and newest Gerber babies reunited for an adorable photo that went viral. https://t.co/REy3PdjcW8 https://t.co/OjTFg0ZMWa,83,CBS News
0.0,Wed Jun 06 04:28:52 +0000 2018,1.0,0.0,0.0,Democratic gubernatorial candidate Gavin Newsom advances to the November election in California.‚Ä¶ https://t.co/tHLblThqda,84,CBS News
0.5719,Wed Jun 06 04:02:51 +0000 2018,0.85,0.0,0.15,Rep. Kristi Noem has won the GOP primary race for South Dakota Governor. The AP projects she will run against presu‚Ä¶ https://t.co/DxoiMe3tI4,85,CBS News
0.5719,Wed Jun 06 03:48:56 +0000 2018,0.812,0.0,0.188,"Democratic Sen. Dianne Feinstein wins her party's California primary advancing to the general election and, possibl‚Ä¶ https://t.co/nXYl2YuVLt",86,CBS News
0.0,Wed Jun 06 03:34:29 +0000 2018,1.0,0.0,0.0,"‚ÄúThere's a lot of women who decided they could meet a threshold of raising money,‚Äù says @LeslieSanchez of the recor‚Ä¶ https://t.co/0Q0fvaZyez",87,CBS News
0.128,Wed Jun 06 03:00:41 +0000 2018,0.795,0.092,0.113,"Polls are now closed in California, where the unusual ""jungle primary"" means that one party could have no options o‚Ä¶ https://t.co/4qx1rJiTEn",88,CBS News
0.5859,Wed Jun 06 03:00:00 +0000 2018,0.833,0.0,0.167,"Des Moines businessman Fred Hubbell as winner in the Iowa Democratic primary for governor, according to the AP. He‚Ä¶ https://t.co/IitYBNGtAf",89,CBS News
0.0,Wed Jun 06 02:45:25 +0000 2018,1.0,0.0,0.0,"‚ÄúYes California is a big state, most anti-Trump state in the country. But where there are Republicans they are just‚Ä¶ https://t.co/79oxm86fus",90,CBS News
-0.5423,Wed Jun 06 02:41:32 +0000 2018,0.821,0.179,0.0,"Snafu in Los Angeles County complicates #CaliforniaPrimary2018 as ""random issue"" leaves more than 100,000 voters of‚Ä¶ https://t.co/4IHKRJXjt3",91,CBS News
0.0,Wed Jun 06 02:29:15 +0000 2018,1.0,0.0,0.0,The general election ballot is set in the U.S. Senate race in New Mexico: It‚Äôs Democratic Sen. Martin Heinrich vers‚Ä¶ https://t.co/yXrdRCVHcu,92,CBS News
-0.4019,Wed Jun 06 02:19:04 +0000 2018,0.87,0.13,0.0,"""Our latest CBS News Battleground Tracker shows if the election were held today nationally, the House would effecti‚Ä¶ https://t.co/MUbHvNcCrF",93,CBS News
-0.8689,Wed Jun 06 02:14:38 +0000 2018,0.683,0.317,0.0,Renowned designer Kate Spade was found dead this morning in New York City of apparent suicide. Here‚Äôs a look back a‚Ä¶ https://t.co/r6lASu8GZe,94,CBS News
0.4019,Wed Jun 06 02:00:34 +0000 2018,0.863,0.0,0.137,The AP has called the Republican primary race for Senate in favor of Mississippi Sen. Roger Wicker.‚Ä¶ https://t.co/BMUhc9jvti,95,CBS News
-0.4063,Wed Jun 06 01:51:57 +0000 2018,0.843,0.157,0.0,"‚ÄúIf Democrats cannot flip a number of these seats, it presents an obstacle in terms of taking the House back in Nov‚Ä¶ https://t.co/JoYY1nlOl4",96,CBS News
0.0,Wed Jun 06 01:44:51 +0000 2018,1.0,0.0,0.0,"The Associated Press called the Democratic Senate primary for incumbent Sen. Bob Menendez, although the race was a‚Ä¶ https://t.co/uczUVKQyzd",97,CBS News
0.0,Wed Jun 06 01:37:32 +0000 2018,1.0,0.0,0.0,"Democratic Rep. Keith Ellison, the vice chairman of the Democratic National Committee, announced he's running for a‚Ä¶ https://t.co/ExNGq2TPlK",98,CBS News
0.4728,Wed Jun 06 01:14:22 +0000 2018,0.844,0.0,0.156,"‚ÄúAs far as the top of the ticket in November, the U.S. Senate race, there is a very small chance that Bob Hugin is‚Ä¶ https://t.co/ucZ859s0R3",99,CBS News
0.5267,Wed Jun 06 01:00:28 +0000 2018,0.861,0.0,0.139,Democrats will need to flip 23 seats in Republican-held districts in order to gain control of the House in 2018. CB‚Ä¶ https://t.co/m7LxRkTJdC,100,CBS News
0.0,Wed Jun 06 19:33:33 +0000 2018,1.0,0.0,0.0,"Army prototypes new self-powering 'Iron Man' soldier suits.
https://t.co/T57D4DJuTh",1,Fox News
0.5106,Wed Jun 06 19:23:34 +0000 2018,0.798,0.0,0.202,Who is John Cox? 3 things to know about the Republican California governor hopeful. https://t.co/ELRROn5jlf,2,Fox News
-0.1027,Wed Jun 06 19:17:54 +0000 2018,0.915,0.085,0.0,"DOJ fires back at Dems' claim of political bias over immigration judge hiring - via @brookefoxnews 
https://t.co/a12qLY8Kn6",3,Fox News
0.0,Wed Jun 06 19:15:30 +0000 2018,1.0,0.0,0.0,Florida's 'city of the future' is the first solar-powered town in America. https://t.co/F53RUT2hPq,4,Fox News
0.6486,Wed Jun 06 19:10:21 +0000 2018,0.675,0.0,0.325,"Delaware boy dreams of becoming a police officer after a trooper helps his family.
https://t.co/WECrKqh7RH",5,Fox News
0.7684,Wed Jun 06 19:04:56 +0000 2018,0.761,0.0,0.239,".@POTUS on @FLOTUS during a @FEMA briefing: ""She went through a little rough patch, but she's doing great and we're‚Ä¶ https://t.co/5QXbBVHcte",6,Fox News
-0.7717,Wed Jun 06 19:00:00 +0000 2018,0.642,0.358,0.0,Illegal immigrant making pizza delivery at New York's Fort Hamilton arrested by ICE https://t.co/9w0ZJ0aAXt,7,Fox News
0.0,Wed Jun 06 18:51:24 +0000 2018,1.0,0.0,0.0,RT @foxnewscareers: Fox News is partnering with Facebook Watch to provide viewers with high quality and timely news. If you're a Content Pr‚Ä¶,8,Fox News
0.0,Wed Jun 06 18:46:43 +0000 2018,1.0,0.0,0.0,".@stevestivers on California primaries: ""We tested our turnout messages, and they worked. We had more Republican tu‚Ä¶ https://t.co/N2qSqI7Zia",9,Fox News
0.0,Wed Jun 06 18:41:07 +0000 2018,1.0,0.0,0.0,".@GavinNewsom to face John Cox in California governor's race in November. @pdoocy has the story from Del Mar, Calif‚Ä¶ https://t.co/Jzr9rUD9J9",10,Fox News
0.4939,Wed Jun 06 18:40:16 +0000 2018,0.833,0.0,0.167,"Before signing the VA Mission Act of 2018 today, President @realDonaldTrump praised America's veterans and promised‚Ä¶ https://t.co/JdCG3SWGHO",11,Fox News
0.7184,Wed Jun 06 18:37:15 +0000 2018,0.684,0.0,0.316,"San Diego Padres fan catches foul ball in beer cup, celebrates by chugging drink  https://t.co/qmzMW3MISE",12,Fox News
-0.8481,Wed Jun 06 18:34:42 +0000 2018,0.675,0.325,0.0,".@POTUS on trade: ""We have the worst deals ever made. NAFTA is a disaster. World Trade Organization is a disaster."" https://t.co/U3TkJ6DN4k",13,Fox News
0.0,Wed Jun 06 18:24:03 +0000 2018,1.0,0.0,0.0,".@POTUS: ""We have $1.6 billion being spent on phase one of the wall."" https://t.co/fwK0CQxlrd",14,Fox News
0.2732,Wed Jun 06 18:22:41 +0000 2018,0.811,0.0,0.189,".@POTUS: ""We're now exporting energy for the first time."" https://t.co/3u9wim7HF3",15,Fox News
-0.4215,Wed Jun 06 18:19:43 +0000 2018,0.714,0.183,0.103,".@POTUS: ""We have the worst trade deals ever made and we're gonna have now fair trade deals."" https://t.co/Oqp6JNC2PZ",16,Fox News
0.0,Wed Jun 06 18:18:19 +0000 2018,1.0,0.0,0.0,.@POTUS and @FLOTUS participate in a FEMA Hurricane briefing.  https://t.co/NbfBlPj0jr,17,Fox News
0.0,Wed Jun 06 18:13:05 +0000 2018,1.0,0.0,0.0,.@SenTedCruz/@SenAlexander survey of priorities. @dailybriefing https://t.co/7G9a0p6BV5,18,Fox News
0.4404,Wed Jun 06 18:11:58 +0000 2018,0.805,0.0,0.195,".@tedcruz: ""In the last year and a half we've accomplished a tremendous amount."" @dailybriefing https://t.co/urRb8y2y8s",19,Fox News
0.5859,Wed Jun 06 18:05:00 +0000 2018,0.826,0.0,0.174,"Nevada girl, 10, honored for shielding her young relatives from barrage of gunfire in Walmart parking lot (via‚Ä¶ https://t.co/oTQJ29a2j2",20,Fox News
-0.296,Wed Jun 06 18:02:23 +0000 2018,0.845,0.155,0.0,Teacher removed from school after being accused of taking bribes from students. https://t.co/KUCK7qrjZG,21,Fox News
0.0,Wed Jun 06 17:49:26 +0000 2018,1.0,0.0,0.0,".@newtgingrich: ""It's a traffic jam [@TheDemocrats] created."" #OutnumberedOT https://t.co/h1UrQ0vBaG",22,Fox News
-0.8176,Wed Jun 06 17:45:15 +0000 2018,0.615,0.385,0.0,Woman pleads guilty to making up rape allegations against two college football players https://t.co/tNyBNuwGvI,23,Fox News
0.0,Wed Jun 06 17:34:05 +0000 2018,1.0,0.0,0.0,Rainbow spotted in crater of Hawaii's Kilauea volcano https://t.co/PE9rSHJX1s,24,Fox News
0.0772,Wed Jun 06 17:31:36 +0000 2018,0.92,0.0,0.08,Moments ago @KimKardashian tweeted out about President @realDonaldTrump commuting the life sentence for Alice Marie‚Ä¶ https://t.co/l403p01bMp,25,Fox News
0.25,Wed Jun 06 17:29:38 +0000 2018,0.875,0.0,0.125,"Ex-Dem IT aide Imran Awan poised for plea deal, after months of mysterious delays https://t.co/E7biBroQjy",26,Fox News
0.0,Wed Jun 06 17:16:20 +0000 2018,1.0,0.0,0.0,".@mattgaetz: ""Andrew McCabe was leaking to the @WSJ about the nature of the @HillaryClinton investigation trying to‚Ä¶ https://t.co/WxPr4vYQL8",27,Fox News
0.0,Wed Jun 06 17:12:02 +0000 2018,1.0,0.0,0.0,"""They put everything on the line for us, and when they come home, we must do everything that we can possibly do for‚Ä¶ https://t.co/gf9YD4VVMI",28,Fox News
0.0,Wed Jun 06 17:05:55 +0000 2018,1.0,0.0,0.0,House Democratic leaders hold a news conference https://t.co/c2z9oGBVlg,29,Fox News
-0.5859,Wed Jun 06 17:05:00 +0000 2018,0.798,0.202,0.0,"""No one who defends our country in uniform should have to fight for their lives when they come back.""

WATCH:‚Ä¶ https://t.co/JL8WsrdLKe",30,Fox News
0.0,Wed Jun 06 17:00:01 +0000 2018,1.0,0.0,0.0,".@newtgingrich: ""65% of Californians say that the state's too expensive in terms of cost of living."" #Outnumbered https://t.co/oINfMOvVnX",31,Fox News
0.0772,Wed Jun 06 16:51:28 +0000 2018,0.915,0.0,0.085,BREAKING NEWS: @POTUS commutes sentence of woman serving drug-related life term after @KimKardashian meeting‚Ä¶ https://t.co/xqg80RbprU,32,Fox News
0.0,Wed Jun 06 16:49:26 +0000 2018,1.0,0.0,0.0,MOMENTS AGO: President @realDonaldTrump signs V.A. Mission Act of 2018. https://t.co/tQuOhawuzK,33,Fox News
0.0772,Wed Jun 06 16:47:22 +0000 2018,0.92,0.0,0.08,Breaking News: @POTUS commutes sentence of woman serving drug-related life term after Kim Kardashian meeting https://t.co/asGF4W6mHH,34,Fox News
0.0,Wed Jun 06 16:43:15 +0000 2018,1.0,0.0,0.0,".@POTUS: ""They put everything on the line for us, and when they come home, we must do everything that we can possib‚Ä¶ https://t.co/OBw00Gbpc1",35,Fox News
0.0,Wed Jun 06 16:40:36 +0000 2018,1.0,0.0,0.0,".@POTUS: ""For 30, 40 years they've been trying to get this done and they haven't been able to and we got it done."" https://t.co/efUH84dlFr",36,Fox News
0.3612,Wed Jun 06 16:38:26 +0000 2018,0.872,0.0,0.128,".@POTUS: ""As a candidate for president, I promised to make reforming the VA one of my absolute highest priorities,‚Ä¶ https://t.co/ZW2ZXhwyWp",37,Fox News
-0.5859,Wed Jun 06 16:36:40 +0000 2018,0.798,0.202,0.0,".@POTUS: ""No one who defends our country in uniform should have to fight for their lives when they come back."" https://t.co/KWz2sCbAe9",38,Fox News
0.0,Wed Jun 06 16:32:56 +0000 2018,1.0,0.0,0.0,".@POTUS: ""We got $1.6 billion - we've already started the wall on the Southern border."" https://t.co/Eeo35SgcEN",39,Fox News
0.0,Wed Jun 06 16:31:29 +0000 2018,1.0,0.0,0.0,".@POTUS: ""We just got $700 billion for our military."" https://t.co/tmFkcPrTZK",40,Fox News
0.743,Wed Jun 06 16:30:21 +0000 2018,0.69,0.0,0.31,".@POTUS to veterans: ""You fulfilled your duty to our nation with tremendous loyalty and courage."" https://t.co/N8REK1s1k0",41,Fox News
0.0,Wed Jun 06 16:28:41 +0000 2018,1.0,0.0,0.0,".@POTUS signs the ""VA Mission Act of 2018"" in the Rose Garden at the @WhiteHouse https://t.co/NkLh9PDX37",42,Fox News
0.0,Wed Jun 06 16:28:38 +0000 2018,1.0,0.0,0.0,HAPPENING NOW: @POTUS signs V.A. Mission Act of 2018. https://t.co/PyrGRTOFzR,43,Fox News
0.0,Wed Jun 06 16:22:11 +0000 2018,1.0,0.0,0.0,"Michigan WWII veteran who wished for 100 cards on 100th birthday receives more than 50,000 #ProudAmerican https://t.co/S336IGpuYT",44,Fox News
-0.743,Wed Jun 06 16:19:08 +0000 2018,0.69,0.31,0.0,"Virginia police chase stolen armored personnel carrier for more than 60 miles, soldier arrested - @travfed https://t.co/DtNJ9q1D9D",45,Fox News
0.5859,Wed Jun 06 16:04:29 +0000 2018,0.678,0.0,0.322,Incredible images of Canada's 'beauty berg' cause sensation https://t.co/caB6engmDb,46,Fox News
0.4404,Wed Jun 06 15:54:10 +0000 2018,0.674,0.0,0.326,"We remember, and give thanks. #DDay https://t.co/jVVotYmK7W",47,Fox News
-0.34,Wed Jun 06 15:48:05 +0000 2018,0.876,0.124,0.0,Breaking News: Massive blaze breaks out at luxury hotel in London; fire brigade says 100 firefighters responding https://t.co/QAWDKDO1RA,48,Fox News
0.0,Wed Jun 06 15:39:42 +0000 2018,1.0,0.0,0.0,"Citizens and first responders line the street of Dickson, Tennessee as the hearse carrying the body of Dickson Coun‚Ä¶ https://t.co/xT6mwckXyh",49,Fox News
0.0,Wed Jun 06 15:36:01 +0000 2018,1.0,0.0,0.0,"RT @MikeEmanuelFox: Senate eyes agenda for canceled August recess - from @AmericaNewsroom today:

https://t.co/Hp1lf05NWe",50,Fox News
0.0,Wed Jun 06 15:33:47 +0000 2018,1.0,0.0,0.0,RT @ShepNewsTeam: COMING SOON: A new way to watch Shep! https://t.co/lUMLbbwxG1,51,Fox News
-0.4215,Wed Jun 06 15:24:33 +0000 2018,0.843,0.157,0.0,"OPINION: California breaks Democrats' hearts: 'Big, blue shutout' fails and other takeaways from Tuesday's primaries https://t.co/zDmSUv0kQM",52,Fox News
0.3612,Wed Jun 06 15:10:00 +0000 2018,0.878,0.0,0.122,".@GavinNewsom: ""It looks like voters will have a real choice this November, between a governor who will stand up to‚Ä¶ https://t.co/5aO1niJAiK",53,Fox News
0.0,Wed Jun 06 15:03:29 +0000 2018,1.0,0.0,0.0,".@TheRealJohnHCox: ""Venezuela [is] what @GavinNewsom wants California to look like."" https://t.co/933HQ14R2r",54,Fox News
-0.5994,Wed Jun 06 15:00:38 +0000 2018,0.794,0.206,0.0,"On the 74th Anniversary of D-Day, a ceremony is held at the World War II Memorial. https://t.co/bm37ZrK3Cs",55,Fox News
0.0,Wed Jun 06 14:59:53 +0000 2018,1.0,0.0,0.0,Obama administration allegedly gave Iran access to US financial system https://t.co/2ldVj5YkLF,56,Fox News
0.2023,Wed Jun 06 14:59:41 +0000 2018,0.833,0.0,0.167,".@BlakemanB: ""20 years later, [@BillClinton's] still playing the victim."" https://t.co/Xzhj1mykpm",57,Fox News
-0.4767,Wed Jun 06 14:55:40 +0000 2018,0.744,0.256,0.0,Trump slams 'vicious' media coverage on Melania: 'All Fake' https://t.co/yCycceFSDd,58,Fox News
-0.7108,Wed Jun 06 14:33:56 +0000 2018,0.703,0.297,0.0,".@TheRealJohnHCox: ""@realDonaldTrump didn't create our housing crisis. Donald Trump didn't make our schools 45th in‚Ä¶ https://t.co/BK8MB3jmzU",59,Fox News
-0.7096,Wed Jun 06 14:32:03 +0000 2018,0.629,0.371,0.0,Gennifer Flowers accuses @BillClinton of sexual harassment before their consensual relationship‚Ä¶ https://t.co/wCQjTXVQQ4,60,Fox News
0.8885,Wed Jun 06 14:28:36 +0000 2018,0.386,0.123,0.491,".@TheRealJohnHCox: ""This is a gorgeous state. It's got wonderful natural beauty. It's got lousy political managemen‚Ä¶ https://t.co/cgLO62YToW",61,Fox News
0.0,Wed Jun 06 14:27:30 +0000 2018,1.0,0.0,0.0,".@TheRealJohnHCox: ""We're going to repeal the gas tax first."" https://t.co/efzyZlFS4x",62,Fox News
-0.4767,Wed Jun 06 14:23:06 +0000 2018,0.78,0.22,0.0,"Trump slams 'vicious' media coverage on Melania: 'All Fake' - via @brookefoxnews 
https://t.co/yCycceohLF",63,Fox News
0.0,Wed Jun 06 14:20:48 +0000 2018,1.0,0.0,0.0,SOON: Philadelphia @Eagles coach to speak. https://t.co/4kfkQFkn9W,64,Fox News
0.0,Wed Jun 06 14:16:41 +0000 2018,1.0,0.0,0.0,.@SteveScalise returns to the field. https://t.co/x7lokO4hpF,65,Fox News
0.0,Wed Jun 06 14:10:01 +0000 2018,1.0,0.0,0.0,.@HouseGOP leaders hold weekly news conference https://t.co/CPrBuexS0N,66,Fox News
-0.5994,Wed Jun 06 14:01:36 +0000 2018,0.698,0.302,0.0,Memorial service marks 50 years since Robert F Kennedy Assassination https://t.co/BXR2x5uYsg,67,Fox News
0.1531,Wed Jun 06 13:54:30 +0000 2018,0.904,0.0,0.096,'It's Emotional to Me': Gold Star Dad Reveals Message From President @realDonaldTrump at @WhiteHouse Ceremony https://t.co/GXRbXeiwhX,68,Fox News
-0.8176,Wed Jun 06 13:51:25 +0000 2018,0.595,0.405,0.0,Customs officer involved in 'rape table' incident pleads guilty; two others indicted https://t.co/0BW0d4Y2Gs,69,Fox News
0.5859,Wed Jun 06 13:46:25 +0000 2018,0.817,0.0,0.183,"Nevada girl, 10, honored for shielding her young relatives from barrage of gunfire in Walmart parking lot https://t.co/s9mF27u56h",70,Fox News
-0.0431,Wed Jun 06 13:37:00 +0000 2018,0.713,0.147,0.139,NEWS ALERT: More than 100 people arrested in immigration raids on Ohio lawn and garden business. https://t.co/tbHNpDzHVG,71,Fox News
-0.4767,Wed Jun 06 13:28:36 +0000 2018,0.763,0.237,0.0,".@JohnFund: Odds of @TheDemocrats seizing the House just got worse  
https://t.co/8RKVK8fXRU",72,Fox News
-0.743,Wed Jun 06 12:54:54 +0000 2018,0.674,0.326,0.0,"Virginia police chase stolen armored personnel carrier for more than 60 miles, soldier arrested https://t.co/9yBKLC1GHI",73,Fox News
-0.3612,Wed Jun 06 12:44:50 +0000 2018,0.387,0.355,0.258,"US Army commander approves Bergdahl sentence, no prison time https://t.co/gIICl99ZtH",74,Fox News
0.0,Wed Jun 06 12:39:01 +0000 2018,1.0,0.0,0.0,Obama administration allegedly gave Iran access to US financial system https://t.co/2ldVj5YkLF,75,Fox News
0.624,Wed Jun 06 12:37:12 +0000 2018,0.774,0.0,0.226,.@charliekirk11: ‚ÄúThis president is going to be the most successful president of our lifetime.‚Äù https://t.co/dGIly9wbri,76,Fox News
0.8271,Wed Jun 06 12:29:03 +0000 2018,0.573,0.0,0.427,Ronald Daigle: ‚ÄúWe want justice‚Ä¶The president is trying to restore our faith in the justice system.‚Äù‚Ä¶ https://t.co/vd1Bkh7kYP,77,Fox News
0.0,Wed Jun 06 12:20:37 +0000 2018,1.0,0.0,0.0,Spacecraft carrying American heading to @Space_Station @foxandfriends https://t.co/9nFa6ByMeY,78,Fox News
0.0,Wed Jun 06 12:16:58 +0000 2018,1.0,0.0,0.0,Japanese PM @AbeShinzo to meet @POTUS at @WhiteHouse @foxandfriends https://t.co/nNeNxz7Trb,79,Fox News
-0.5859,Wed Jun 06 12:04:39 +0000 2018,0.826,0.174,0.0,"RT @FoxNewsResearch: #OTD in 1944 ‚Üí #DDay

‚Ä¢The Normandy invasion, code-named Operation Overlord, was the largest amphibious assault in his‚Ä¶",80,Fox News
-0.3818,Wed Jun 06 12:02:00 +0000 2018,0.885,0.115,0.0,"On this day in 1944, Allied troops landed along a stretch of fortified coastline to fight Nazi Germany on the beach‚Ä¶ https://t.co/yY5G1LVBhb",81,Fox News
-0.1779,Wed Jun 06 11:52:58 +0000 2018,0.892,0.108,0.0,.@newtgingrich on @foxandfriends: ‚ÄúThe Democrats have been shockingly unpatriotic in deliberately keeping all sorts‚Ä¶ https://t.co/JzvpxZqOkp,82,Fox News
0.5106,Wed Jun 06 11:48:50 +0000 2018,0.852,0.0,0.148,.@newtgingrich on @foxandfriends: ‚ÄúI think that this is the moment to do welfare reform to encourage people to get‚Ä¶ https://t.co/zWLwbIfxX4,83,Fox News
0.0,Wed Jun 06 11:45:00 +0000 2018,1.0,0.0,0.0,Remembering #DDay @FoxFriendsFirst https://t.co/YbgIpgjiH4,84,Fox News
0.0,Wed Jun 06 11:43:00 +0000 2018,1.0,0.0,0.0,Singapore hotel hosting Trump-Kim summit is on secluded island with pirate ties https://t.co/JqWjGP2Pdn,85,Fox News
0.0,Wed Jun 06 11:29:36 +0000 2018,1.0,0.0,0.0,Ceejay Metcalf on meeting @POTUS: ‚ÄúIt was absolutely wonderful.‚Äù @foxandfriends https://t.co/BzutzMXar1,86,Fox News
0.5267,Wed Jun 06 11:24:23 +0000 2018,0.746,0.0,0.254,IHOP says it's changing iconic name; pancake lovers flip out https://t.co/wzFyKy4Gto,87,Fox News
0.0,Wed Jun 06 11:10:00 +0000 2018,1.0,0.0,0.0,.@JaniceDean gives an update on the weather on @FoxFriendsFirst https://t.co/85nhRz1wFg,88,Fox News
0.5859,Wed Jun 06 11:05:00 +0000 2018,0.787,0.0,0.213,OPINION: Remembering D-Day: The day we knew we were going to win (via @FoxNewsOpinion) https://t.co/lYUoGnuqJA,89,Fox News
0.0,Wed Jun 06 10:58:35 +0000 2018,1.0,0.0,0.0,.@POTUS and @FLOTUS to meet with @FEMA today @FoxFriendsFirst https://t.co/8aXUr8opdj,90,Fox News
-0.7845,Wed Jun 06 10:51:35 +0000 2018,0.566,0.434,0.0,"Kate Spade suffered from depression for years, sister says https://t.co/wqHHK2DDUc https://t.co/QxoVtGkBC9",91,Fox News
-0.8176,Wed Jun 06 10:46:14 +0000 2018,0.595,0.405,0.0,OPINION: @MarcThiessen: Shame on Google for treating the US military as evil https://t.co/ZUqa4j4nmn,92,Fox News
0.34,Wed Jun 06 10:39:04 +0000 2018,0.769,0.0,0.231,.@POTUS applauds @SenateMajLdr for skipping recess https://t.co/ae37dsiGd9 @FoxFriendsFirst https://t.co/vEy62O00Cb,93,Fox News
0.0,Wed Jun 06 10:34:41 +0000 2018,1.0,0.0,0.0,Today marks the 74th anniversary of #DDay @foxandfriends https://t.co/NLjKLwbujY,94,Fox News
0.0,Wed Jun 06 10:27:24 +0000 2018,1.0,0.0,0.0,.@Eagles coach to address canceled @WhiteHouse visit https://t.co/sSjnEdcMcc,95,Fox News
0.0,Wed Jun 06 10:15:31 +0000 2018,1.0,0.0,0.0,.@WhiteHouse announces location of Trump-Kim summit in Singapore https://t.co/mMOdXQVZdq https://t.co/ku4qAB5O2T,96,Fox News
-0.4404,Wed Jun 06 10:00:27 +0000 2018,0.756,0.244,0.0,"ICE raids Ohio lawn and garden business, arrests 114 https://t.co/cpiiGkmm9S",97,Fox News
-0.4767,Wed Jun 06 09:50:59 +0000 2018,0.807,0.193,0.0,Photo of Tennessee firefighter cradling little girl after car accident goes viral https://t.co/qHFR8H09fz https://t.co/uD7knwhQnq,98,Fox News
-0.4588,Wed Jun 06 09:37:40 +0000 2018,0.786,0.214,0.0,Alabama Republican who un-endorsed Trump in 2016 forced into runoff election https://t.co/yBUhzZL4IB,99,Fox News
-0.1531,Wed Jun 06 09:26:14 +0000 2018,0.873,0.127,0.0,Miss America dropping the swimsuit competition  from its nationally televised broadcast https://t.co/ZdVzkxqIYP,100,Fox News
0.0,Wed Jun 06 19:30:07 +0000 2018,1.0,0.0,0.0,California primary election results https://t.co/om61zaCPNx,1,The New York Times
-0.6705,Wed Jun 06 19:20:08 +0000 2018,0.738,0.214,0.048,"RT @kevinroose: I hated the scooter craze from afar. Then I went to LA and tried them, and now I want a scooter permanently attached to my‚Ä¶",2,The New York Times
0.0,Wed Jun 06 19:10:05 +0000 2018,1.0,0.0,0.0,U.S. Soccer has hired Earnie Stewart as the national team's general manager. His mission: to build a team that can‚Ä¶ https://t.co/om9LJPS4AB,3,The New York Times
-0.7964,Wed Jun 06 19:00:03 +0000 2018,0.554,0.339,0.107,"RT @declanwalsh: Intimidation, abduction and an assault on social media. Can Pakistan's election be free when the journalists covering it a‚Ä¶",4,The New York Times
-0.5256,Wed Jun 06 18:50:08 +0000 2018,0.747,0.253,0.0,Hurricanes are lingering longer. That makes them more dangerous. https://t.co/ibTs2XeJQM https://t.co/3966lHbOuP,5,The New York Times
0.3612,Wed Jun 06 18:40:07 +0000 2018,0.902,0.0,0.098,"""I've made this dish twice now and, just like other posters here, it was completely gone by the end of the meal"" ‚Äî‚Ä¶ https://t.co/TsFtKK2Xn2",6,The New York Times
-0.4939,Wed Jun 06 18:30:05 +0000 2018,0.842,0.158,0.0,He ordered his uncle executed and half brother assassinated. He spent millions developing a hydrogen bomb and ICBMs‚Ä¶ https://t.co/EcQ06Izzom,7,The New York Times
0.2484,Wed Jun 06 18:20:05 +0000 2018,0.895,0.0,0.105,Democratic candidates in California‚Äôs 7 most competitive House races are set to advance to the general election and‚Ä¶ https://t.co/maodvYh832,8,The New York Times
0.0,Wed Jun 06 18:10:06 +0000 2018,1.0,0.0,0.0,"RT @joecoscarelli: spoke to @TierraWhack, the word-of-mouth artist of the moment, about her 15-song, 15-minute debut https://t.co/TvXWl6d0d‚Ä¶",9,The New York Times
-0.25,Wed Jun 06 18:00:09 +0000 2018,0.9,0.1,0.0,"""First we were students. Then survivors. Now family."" Read how a Parkland class where 1 in 4 students were struck b‚Ä¶ https://t.co/qjiUg9KFRT",10,The New York Times
-0.4404,Wed Jun 06 17:50:05 +0000 2018,0.879,0.121,0.0,"RT @nytopinion: ‚ÄúThe vast majority of the Eagles team decided to abandon their fans,‚Äù Sarah Huckabee Sanders said.

Hardly, says Glen Macno‚Ä¶",11,The New York Times
0.0,Wed Jun 06 17:40:08 +0000 2018,1.0,0.0,0.0,What Kate Spade stood for https://t.co/Oz6FiUaOcI https://t.co/bw51tvcEB2,12,The New York Times
-0.5423,Wed Jun 06 17:30:05 +0000 2018,0.857,0.143,0.0,"‚ÄúA lump might gather in your throat during the opening titles, and dissolve into sniffles and sobs as the final cre‚Ä¶ https://t.co/deGVm8GNQU",13,The New York Times
-0.6961,Wed Jun 06 17:20:06 +0000 2018,0.563,0.308,0.128,"President Trump: ‚ÄúThe Fake News Media has been so unfair, and vicious, to my wife and our great First Lady, Melania‚Äù https://t.co/azUzOjG0IO",14,The New York Times
0.0,Wed Jun 06 17:10:08 +0000 2018,1.0,0.0,0.0,California primary election results https://t.co/4kFTjFY03i,15,The New York Times
-0.4588,Wed Jun 06 16:58:21 +0000 2018,0.796,0.146,0.058,President Trump commuted the sentence of a woman serving life in prison on a drug conviction after he was lobbied b‚Ä¶ https://t.co/MBHJIOxkyl,16,The New York Times
0.34,Wed Jun 06 16:50:04 +0000 2018,0.876,0.0,0.124,The Roy Lichtenstein Foundation is giving around 400 artworks ‚Äî about half its holdings ‚Äî to the Whitney Museum https://t.co/W9BcGaCued,17,The New York Times
-0.5574,Wed Jun 06 16:40:10 +0000 2018,0.841,0.159,0.0,"San Francisco's new ban on the selling of flavored tobacco products, including menthol cigarettes, is said to be th‚Ä¶ https://t.co/GpAdc7wQqs",18,The New York Times
0.0,Wed Jun 06 16:30:14 +0000 2018,1.0,0.0,0.0,RT @nytopinion: Scott Pruitt has once again been burnishing his reputation as the Trump administration‚Äôs biggest grifter https://t.co/HvrWp‚Ä¶,19,The New York Times
-0.2732,Wed Jun 06 16:20:07 +0000 2018,0.846,0.154,0.0,"50 years ago, feminists protested the Miss America pageant by throwing bras and girdles into a trash can. Now,‚Ä¶ https://t.co/T1XFqkzESw",20,The New York Times
0.0,Wed Jun 06 16:10:03 +0000 2018,1.0,0.0,0.0,"A lot remains to be seen, but here‚Äôs what we know so far about the California primary https://t.co/A2LspQirrT",21,The New York Times
0.5719,Wed Jun 06 16:00:09 +0000 2018,0.856,0.0,0.144,"RT @NYTmag: 24 couples, 24 hours, 24 covers. On a single day in May, @NYTmag captured couples kissing in a truck, photographing them as the‚Ä¶",22,The New York Times
0.0,Wed Jun 06 15:50:04 +0000 2018,1.0,0.0,0.0,"Kanye West‚Äôs ""Ye"" is here. Let‚Äôs discuss. https://t.co/Tx4gaxZyN7 https://t.co/t8N6qhpPzc",23,The New York Times
0.0,Wed Jun 06 15:40:07 +0000 2018,1.0,0.0,0.0,"Their class was one of the hardest hit during the Parkland school shooting. Now, those who made it are trying to he‚Ä¶ https://t.co/geZ4iRF0Bv",24,The New York Times
-0.2732,Wed Jun 06 15:28:28 +0000 2018,0.896,0.104,0.0,Breaking News: Paul Ryan dismissed President Trump‚Äôs charge of a spy in his campaign and warned against his pardoni‚Ä¶ https://t.co/LDgUqXio1q,25,The New York Times
0.0,Wed Jun 06 15:20:13 +0000 2018,1.0,0.0,0.0,"RT @nytimesarts: ""Sex and the City"" premiered on HBO 20 years ago today. Here is the first New York Times article referencing the show. htt‚Ä¶",26,The New York Times
0.0,Wed Jun 06 15:10:06 +0000 2018,1.0,0.0,0.0,"The yacht at the center of Britain's costliest divorce has a spa, a swimming pool, two heliports and room for 18 gu‚Ä¶ https://t.co/wfwHQF0dJD",27,The New York Times
0.0,Wed Jun 06 15:00:21 +0000 2018,1.0,0.0,0.0,"The NYT review of ""Ocean's 8"" https://t.co/Sa7qjHrZP4",28,The New York Times
0.5574,Wed Jun 06 14:50:08 +0000 2018,0.859,0.0,0.141,RT @abscribe: Spent some time with a remarkable group of #MSD students from one history class. A story about healing.  ‚ÄòAre We Going to Die‚Ä¶,29,The New York Times
0.0,Wed Jun 06 14:40:08 +0000 2018,1.0,0.0,0.0,RT @tariqpanja: Went to Morocco and Holland to understand how Morocco has come to be team at this year's World Cup with the most foreign bo‚Ä¶,30,The New York Times
0.0,Wed Jun 06 14:31:06 +0000 2018,1.0,0.0,0.0,"In Opinion

The editorial board writes, ""Ambassadors do not represent a president; they represent a state, and they‚Ä¶ https://t.co/2sV7taMSVc",31,The New York Times
0.0772,Wed Jun 06 14:20:06 +0000 2018,0.793,0.097,0.11,"An unknown caller falsely reported that there was someone with a weapon inside the home of David Hogg, a survivor o‚Ä¶ https://t.co/oYkhveVBFO",32,The New York Times
0.0,Wed Jun 06 14:11:03 +0000 2018,1.0,0.0,0.0,A German far-right leader was swimming in a lake near his house when a man grabbed his clothes. The thief's parting‚Ä¶ https://t.co/jmULPWR231,33,The New York Times
0.4939,Wed Jun 06 14:00:10 +0000 2018,0.849,0.0,0.151,Vladimir Putin is now casting himself as a reliable friend and trading partner to Europe as the Trump Administratio‚Ä¶ https://t.co/mLnys22EJW,34,The New York Times
0.0516,Wed Jun 06 13:50:06 +0000 2018,0.943,0.0,0.057,"Bill Clinton admitted that the ""Today"" interview ""wasn't my finest hour."" But then he doubled down on much of what‚Ä¶ https://t.co/kuFffClpwV",35,The New York Times
0.0,Wed Jun 06 13:40:04 +0000 2018,1.0,0.0,0.0,RT @MichaelPaulson: He's one of Broadway's big three theater owners. But he's unlike any theater impresario you've seen before. A profile o‚Ä¶,36,The New York Times
0.0,Wed Jun 06 13:30:07 +0000 2018,1.0,0.0,0.0,California primary election results https://t.co/H5zUOKoq0v,37,The New York Times
0.0,Wed Jun 06 13:14:01 +0000 2018,1.0,0.0,0.0,"Gavin Newsom, the Democratic lieutenant governor and former mayor of San Francisco, took a major step in his bid to‚Ä¶ https://t.co/URxxntv4rH",38,The New York Times
0.0,Wed Jun 06 13:00:07 +0000 2018,1.0,0.0,0.0,Morning¬†Briefing: Here's what you need to know to start your day https://t.co/lM4Ml4Iq8F https://t.co/Q38v6OjOvD,39,The New York Times
-0.5267,Wed Jun 06 12:44:04 +0000 2018,0.804,0.196,0.0,"Aaron Persky, the California judge who sentenced Brock Turner to just six months in jail for sexually assaulting an‚Ä¶ https://t.co/NSlLMUslMi",40,The New York Times
0.0,Wed Jun 06 12:29:05 +0000 2018,1.0,0.0,0.0,"The Trump administration is using its envoys, ""even in our closest allies, to advance a nationalist and very aggres‚Ä¶ https://t.co/SAcdPBeSOj",41,The New York Times
0.0,Wed Jun 06 12:21:06 +0000 2018,1.0,0.0,0.0,"Senator Mitch McConnell announced that he is canceling most of the Senate‚Äôs monthlong August recess, a change that‚Ä¶ https://t.co/DU2Mppfjr6",42,The New York Times
0.1779,Wed Jun 06 12:15:00 +0000 2018,0.779,0.095,0.126,"@AmyMek The reporter was accused by @AmyMek's supporters of ""doxxing"" her and her family. Then they doxxed him. ""Th‚Ä¶ https://t.co/RgFezhwnF2",43,The New York Times
0.34,Wed Jun 06 12:12:12 +0000 2018,0.888,0.0,0.112,"@AmyMek The backlash for the restaurant was instantaneous: It played out on Twitter, on Facebook and in bogus revie‚Ä¶ https://t.co/2Lld1QkScX",44,The New York Times
-0.4404,Wed Jun 06 12:11:03 +0000 2018,0.847,0.153,0.0,"HuffPost wrote a profile of @AmyMek, a prolific Twitter firebrand who frequently attacks Islam. It revealed her nam‚Ä¶ https://t.co/dkbE7MMihH",45,The New York Times
0.6369,Wed Jun 06 12:00:06 +0000 2018,0.755,0.0,0.245,"Your daily @DealBook Briefing:

‚Ä¢ Did national security take a back seat in Facebook‚Äôs data sharing?¬†

‚Ä¢ ZTE may so‚Ä¶ https://t.co/McAFeF0Ala",46,The New York Times
0.0,Wed Jun 06 11:50:04 +0000 2018,1.0,0.0,0.0,5 takeaways from Tuesday's primary elections https://t.co/CuTUvtOC68,47,The New York Times
0.0,Wed Jun 06 11:40:04 +0000 2018,1.0,0.0,0.0,"Sean Patrick Maloney, a Hudson Valley Democrat and New York's first openly gay member of Congress, will run for New‚Ä¶ https://t.co/Acw6PJqSBf",48,The New York Times
-0.4019,Wed Jun 06 11:31:05 +0000 2018,0.87,0.13,0.0,"A printing error improperly left about 119,000 names off voting rosters in Los Angeles County, forcing many to cast‚Ä¶ https://t.co/8T4awtg5Ua",49,The New York Times
0.0,Wed Jun 06 11:14:04 +0000 2018,1.0,0.0,0.0,"Nook spent the first few years of his life in an affluent suburb. But when he returned to Baltimore, he became part‚Ä¶ https://t.co/AbkzT6PZbo",50,The New York Times
0.0,Wed Jun 06 11:00:11 +0000 2018,1.0,0.0,0.0,California primary election results https://t.co/FDlBt3Y7RQ,51,The New York Times
0.34,Wed Jun 06 10:44:06 +0000 2018,0.866,0.0,0.134,"""What's happening here is you have a president saying, 'I can do what I want to do.' Well, are you going to do it o‚Ä¶ https://t.co/z4GcIzQzPN",52,The New York Times
0.0,Wed Jun 06 10:31:03 +0000 2018,1.0,0.0,0.0,"All European Union countries must recognize same-sex marriage, at least in relation to immigration cases where one‚Ä¶ https://t.co/Vx9Z7p9gjY",53,The New York Times
0.0,Wed Jun 06 10:14:06 +0000 2018,1.0,0.0,0.0,Morning¬†Briefing: Here's what you need to know to start your day https://t.co/zx3R7ub70a https://t.co/iU0ceDkjgx,54,The New York Times
0.2247,Wed Jun 06 10:03:04 +0000 2018,0.9,0.0,0.1,"""Of course it has to be led by a man"" he said, ""because it is a very challenging position"" https://t.co/LliNVBNxE8",55,The New York Times
0.6597,Wed Jun 06 09:45:02 +0000 2018,0.769,0.0,0.231,"""When you realize that your country has become a cemetery of dreams, you need to find dreams elsewhere."" Many Greek‚Ä¶ https://t.co/kaT3dbNbjD",56,The New York Times
0.7845,Wed Jun 06 09:31:07 +0000 2018,0.506,0.101,0.392,Ethiopia announced that it would accept a 2000 peace agreement with Eritrea over their disputed border https://t.co/Ruxdoq9ni2,57,The New York Times
0.0,Wed Jun 06 09:16:03 +0000 2018,1.0,0.0,0.0,California primary election results https://t.co/Es2ZYkx9EC,58,The New York Times
-0.128,Wed Jun 06 09:00:05 +0000 2018,0.731,0.146,0.123,"Alexander Gauland, the co-leader of a German anti-immigrant party, had his clothes stolen while he was swimming in‚Ä¶ https://t.co/BD1xJjJMLv",59,The New York Times
-0.34,Wed Jun 06 08:45:04 +0000 2018,0.888,0.112,0.0,"Greece's long feud with Macedonia, the Balkan neighbor that claims the same ancient name as its northern region, is‚Ä¶ https://t.co/iKBOU20WGs",60,The New York Times
0.0,Wed Jun 06 08:30:12 +0000 2018,1.0,0.0,0.0,"The NYT review of ""Ocean's 8"" https://t.co/tZZzL1jstD",61,The New York Times
0.6597,Wed Jun 06 08:14:03 +0000 2018,0.787,0.0,0.213,RT @nytimesworld: Putin disavows any desire to divide the European Union as he watches the Trump administration treat its Western allies as‚Ä¶,62,The New York Times
0.0,Wed Jun 06 08:05:04 +0000 2018,1.0,0.0,0.0,"Here's a look at the key races in the California primary https://t.co/8IZ85kf0tq
And here are the results, as they‚Ä¶ https://t.co/Gma8JIifv5",63,The New York Times
0.0,Wed Jun 06 08:02:01 +0000 2018,1.0,0.0,0.0,"More children in Afghanistan are out of school now than a few years ago, according to a study by Unicef. Its execut‚Ä¶ https://t.co/6EzLq5TrIE",64,The New York Times
0.0,Wed Jun 06 07:45:09 +0000 2018,1.0,0.0,0.0,"Giant salamander farms in China ""are driving the extinction of most of the species by homogenizing them"" https://t.co/i4X5fbm3AI",65,The New York Times
-0.0258,Wed Jun 06 07:32:02 +0000 2018,0.942,0.058,0.0,"Aaron Persky, the California judge who sentenced a Stanford student to just six months in jail for sexually assault‚Ä¶ https://t.co/XElUHKQFrT",66,The New York Times
-0.5106,Wed Jun 06 07:17:03 +0000 2018,0.837,0.163,0.0,"Separating children from migrant families entering the U.S. violates their rights and international law, the UN's h‚Ä¶ https://t.co/6EqWJTorcG",67,The New York Times
-0.0772,Wed Jun 06 07:01:27 +0000 2018,0.779,0.117,0.104,"RT @nytDeniseGrady: Immunotherapy can be a lifesaver for people with cancer, but sometimes it can backfire. Here's what happened to 3 patie‚Ä¶",68,The New York Times
-0.5423,Wed Jun 06 06:54:50 +0000 2018,0.758,0.18,0.062,"California voters recalled Judge Aaron Persky, who gave a 6-month sentence for sexual assault. He's the first judge‚Ä¶ https://t.co/ohbWSHnixT",69,The New York Times
0.0,Wed Jun 06 06:45:03 +0000 2018,1.0,0.0,0.0,"Iran announced that it had completed a new centrifuge assembly center, in a first step to increasing its nuclear en‚Ä¶ https://t.co/X0AvNmD8ER",70,The New York Times
0.0,Wed Jun 06 06:31:06 +0000 2018,1.0,0.0,0.0,"Updated: California election results, as they come in https://t.co/YBMAiq2YVl https://t.co/X7JkeYg3WP",71,The New York Times
0.0,Wed Jun 06 06:21:01 +0000 2018,1.0,0.0,0.0,RT @nytfood: 500 pages. 300 recipes. @anissahelou traveled the world to document the foods of the Muslim diaspora in her new cookbook. http‚Ä¶,72,The New York Times
0.0,Wed Jun 06 05:56:06 +0000 2018,1.0,0.0,0.0,"RT @nytpolitics: On a work email chain that included the White House statement about Sadler‚Äôs departure, Meghan McCain replied to everyone:‚Ä¶",73,The New York Times
-0.1184,Wed Jun 06 05:49:21 +0000 2018,0.77,0.139,0.09,RT @melbournecoal: Villaraigosa party appears to be on its last legs. Still not sure people here are aware the AP has called the race. No s‚Ä¶,74,The New York Times
0.0,Wed Jun 06 05:45:38 +0000 2018,1.0,0.0,0.0,"RT @jdelreal: ""Hello California! We put a businessman in the White House, let's but a businessman in the governor's mansion!"" John Cox anno‚Ä¶",75,The New York Times
0.0,Wed Jun 06 05:41:51 +0000 2018,1.0,0.0,0.0,"Live election results in California, as they come in https://t.co/rLXer90QON",76,The New York Times
0.0,Wed Jun 06 05:40:43 +0000 2018,1.0,0.0,0.0,"John Cox, a Republican businessman, will compete with Gavin Newsom for governor of California https://t.co/cQUzJyKLOQ",77,The New York Times
0.4767,Wed Jun 06 05:35:33 +0000 2018,0.773,0.0,0.227,"Breaking News: California, a bastion of anti-Trump energy, advanced a Democratic former San Francisco mayor and a G‚Ä¶ https://t.co/v0jE9s9HnO",78,The New York Times
-0.296,Wed Jun 06 05:32:18 +0000 2018,0.753,0.161,0.086,"RT @adamnagourney: Gavin Newsom left no doubt just now how he is going to frame a campaign against John Cox. ""‚ÄúIt looks like voters are goi‚Ä¶",79,The New York Times
0.0,Wed Jun 06 05:32:02 +0000 2018,1.0,0.0,0.0,"RT @NYTNational: When asked what he would say to Trump if they were in a room together, Mike Levin, a Democratic candidate in California's‚Ä¶",80,The New York Times
0.5719,Wed Jun 06 05:23:43 +0000 2018,0.837,0.0,0.163,"Deb Haaland won her district's Democratic primary in New Mexico, bringing her closer to becoming the first Native A‚Ä¶ https://t.co/tgqkQXGbC9",81,The New York Times
0.0,Wed Jun 06 05:02:04 +0000 2018,1.0,0.0,0.0,Lava flows from the Kilauea volcano on Hawaii‚Äôs Big Island wiped out hundreds more homes and then quickly filled a‚Ä¶ https://t.co/kxH9TFDLfA,82,The New York Times
0.0,Wed Jun 06 04:49:27 +0000 2018,1.0,0.0,0.0,"RT @adamnagourney: Villaraigosa notes that 118,000 voters not on the voting rolls when they turned up to vote in LA. . Still, he is now abo‚Ä¶",83,The New York Times
-0.6705,Wed Jun 06 04:47:04 +0000 2018,0.83,0.17,0.0,"RT @NYTMetro: For girls who were teens in Manhattan in the 1990s and pined for a Kate Spade bag, the designer's apparent suicide reverberat‚Ä¶",84,The New York Times
0.5719,Wed Jun 06 04:28:53 +0000 2018,0.709,0.0,0.291,Gavin Newsom Wins Spot in California Election for Governor https://t.co/J6dFNoMAam,85,The New York Times
0.0,Wed Jun 06 04:27:01 +0000 2018,1.0,0.0,0.0,"Gavin Newsom, candidate for governor of California, got 1 of 2 spots on the November ballot https://t.co/7qRTwPThU9",86,The New York Times
0.0,Wed Jun 06 04:17:03 +0000 2018,1.0,0.0,0.0,California election live results https://t.co/5D3cTZuJK6,87,The New York Times
-0.4019,Wed Jun 06 04:02:12 +0000 2018,0.876,0.124,0.0,"A printing error left about 119,000 names off voting rosters in the Los Angeles area, according to the county clerk‚Ä¶ https://t.co/h8GMPD3VH6",88,The New York Times
0.0,Wed Jun 06 04:02:02 +0000 2018,1.0,0.0,0.0,"One of the first of a wave of American women contemporary designers who emerged in the 1990s, Kate Spade built a br‚Ä¶ https://t.co/0wiSUQXmiE",89,The New York Times
0.0,Wed Jun 06 03:47:05 +0000 2018,1.0,0.0,0.0,Iowa election live results https://t.co/xsdBrqG6yo,90,The New York Times
0.0258,Wed Jun 06 03:32:06 +0000 2018,0.939,0.0,0.061,"Bill Clinton acknowledged his defensive reaction about Monica Lewinsky during an interview. It ""wasn't my finest ho‚Ä¶ https://t.co/Btkzy90oo1",91,The New York Times
0.0,Wed Jun 06 03:22:58 +0000 2018,1.0,0.0,0.0,"RT @ShaneGoldmacher: Even while saying Monday was not his ""finest hour,"" Bill Clinton takes a dig tonight at Craig Melvin: ""I should have r‚Ä¶",92,The New York Times
0.5719,Wed Jun 06 03:17:07 +0000 2018,0.622,0.107,0.271,"A former Navy pilot, a veteran White House national security adviser and a conservative gun rights advocate won Dem‚Ä¶ https://t.co/i4IIirALjS",93,The New York Times
0.0,Wed Jun 06 03:03:20 +0000 2018,1.0,0.0,0.0,California election live results https://t.co/2tfaYxZqn9,94,The New York Times
-0.1027,Wed Jun 06 02:47:05 +0000 2018,0.864,0.077,0.059,At Tesla's annual meeting came a rare challenge from investors who sought to shake up the board and force Elon Musk‚Ä¶ https://t.co/bfgZm9tBre,95,The New York Times
0.0,Wed Jun 06 02:32:06 +0000 2018,1.0,0.0,0.0,"The Kate Spade label started simply, with its designer and future husband at the helm, and grew into a $2.4 billion‚Ä¶ https://t.co/RATXLmBBz1",96,The New York Times
0.3612,Wed Jun 06 02:31:41 +0000 2018,0.906,0.0,0.094,"RT @jdelreal: Im here at the US Grant Hotel in San Diego, where CA GOP gubernatorial candidate John Cox is hosting his election night party‚Ä¶",97,The New York Times
0.4019,Wed Jun 06 02:27:04 +0000 2018,0.891,0.0,0.109,"RT @melbournecoal: I‚Äôm at Antonio Villaraigosa‚Äôs election night party, in downtown Los Angeles. Polls close in less than an hour and the me‚Ä¶",98,The New York Times
-0.6868,Wed Jun 06 02:25:59 +0000 2018,0.809,0.191,0.0,"RT @mattfleg: Already sick of California? Unsure what to do for the next 36 minutes? Either way, read @NYTnickc and me on all the other sta‚Ä¶",99,The New York Times
0.0,Wed Jun 06 02:17:03 +0000 2018,1.0,0.0,0.0,"RT @Nate_Cohn: NYT election results for NJ, AL, MT, SD, NM, IA, MS, and CA (did i remember them all?) are here, for those who haven't found‚Ä¶",100,The New York Times
